# v4 generic hair - procedural cap+skirt from v4 scalp, CC0
v -59.8401 1590.3177 -9.9653
v -48.2538 1599.4834 -15.9909
v -80.7580 1552.3361 20.6666
v -78.1566 1563.1640 10.2544
v -81.5428 1509.2287 26.8004
v -70.4786 1590.5647 20.7404
v -45.9219 1615.1900 12.2303
v 0.0000 1626.2696 9.6138
v -57.8009 1606.4686 16.0550
v 0.0000 1630.6875 40.2825
v -0.0000 1628.5540 67.4508
v -38.1367 1620.4052 65.3331
v -73.3921 1498.0986 -0.3418
v -68.2970 1498.3858 -13.4892
v -59.9834 1498.9873 -26.6121
v -50.0163 1500.0907 -36.9395
v -38.2099 1500.8873 -44.2099
v -0.0000 1502.8184 -53.7387
v -81.0952 1513.6346 21.3308
v -76.9019 1523.8463 -1.1683
v -71.3228 1529.2941 -18.8959
v -62.2293 1532.0396 -31.9525
v -51.8689 1534.6498 -42.3801
v -40.1675 1537.2406 -49.9377
v -0.0000 1540.8320 -60.1321
v -82.5866 1523.6687 28.7643
v -79.7923 1543.5794 10.1669
v -75.8618 1552.9184 -3.4541
v -67.9378 1562.6654 -16.1533
v -57.4159 1572.3266 -29.6191
v -44.2296 1579.8679 -37.3574
v 0.0000 1588.0966 -44.1933
v -41.6789 1621.1986 42.1352
v -78.0896 1573.7396 26.6975
v -76.3270 1497.0978 10.5460
v -80.0839 1519.0558 12.2716
v -81.8809 1533.8805 21.0004
v 0.0000 1622.2173 87.7270
v -9.3749 1621.3971 88.3209
v -17.8321 1587.1524 -41.4887
v -14.9040 1540.6380 -57.5020
v -14.8290 1629.5121 42.5030
v -19.0890 1624.5615 9.3525
v -13.3464 1502.7468 -52.3132
v -10.9003 1627.8987 67.6801
v -24.2476 1625.6533 66.4855
v -27.9790 1539.1177 -54.4740
v -25.9766 1501.9257 -49.0027
v -30.6154 1583.6224 -40.8479
v -31.2623 1621.4374 10.3161
v -27.7673 1626.6077 42.5994
v -21.4861 1619.5730 88.4093
v -72.2332 1576.5223 -0.2699
v 0.0000 1611.2351 -22.1487
v -19.5485 1608.4947 -21.3865
v -32.9501 1605.9764 -20.3960
v -41.7958 1556.9727 -45.5821
v -54.0413 1552.3956 -38.0749
v -78.4328 1533.8420 3.1534
v -81.9679 1518.9877 24.3625
v -64.8068 1547.5086 -26.1590
v -73.4968 1541.3368 -12.7914
v -0.0000 1564.4310 -55.4927
v -80.9504 1526.4619 15.4977
v -17.1092 1562.9224 -53.9556
v -29.6450 1560.5602 -49.8442
v -80.4491 1503.0799 24.7913
v -75.6488 1512.0131 -3.1791
v -80.1616 1506.3802 19.1050
v -50.2109 1517.2307 -41.6714
v -60.6043 1515.8682 -31.4473
v -69.5801 1514.3098 -19.0119
v 0.0000 1521.6309 -57.9891
v -38.5353 1518.6788 -48.9121
v -78.8946 1509.8433 9.8727
v -13.6590 1521.3403 -55.9329
v -26.1673 1520.1575 -53.2735
v -75.1417 1514.1330 16.9172
v -72.7113 1507.2060 14.8649
v -92.7771 1513.2042 43.4932
v -93.4279 1514.9138 36.2651
v -94.2783 1506.4413 25.8400
v -94.3211 1511.5744 30.2774
v -92.5482 1500.7518 21.5724
v 59.8401 1590.3177 -9.9653
v 48.2538 1599.4834 -15.9909
v 80.7580 1552.3361 20.6666
v 78.1566 1563.1640 10.2544
v 81.5428 1509.2287 26.8004
v 70.4786 1590.5647 20.7404
v 45.9219 1615.1900 12.2303
v 57.8009 1606.4686 16.0550
v 38.1367 1620.4052 65.3331
v 73.3921 1498.0986 -0.3418
v 68.2970 1498.3858 -13.4892
v 59.9834 1498.9873 -26.6121
v 50.0163 1500.0907 -36.9395
v 38.2099 1500.8873 -44.2099
v 81.0952 1513.6346 21.3308
v 76.9019 1523.8463 -1.1683
v 71.3228 1529.2941 -18.8959
v 62.2293 1532.0396 -31.9525
v 51.8689 1534.6498 -42.3801
v 40.1675 1537.2406 -49.9377
v 82.5866 1523.6687 28.7643
v 79.7923 1543.5794 10.1669
v 75.8618 1552.9184 -3.4541
v 67.9378 1562.6654 -16.1533
v 57.4159 1572.3266 -29.6191
v 44.2296 1579.8679 -37.3574
v 41.6789 1621.1986 42.1352
v 78.0896 1573.7396 26.6975
v 76.3270 1497.0978 10.5460
v 80.0839 1519.0558 12.2716
v 81.8809 1533.8805 21.0004
v 9.3749 1621.3971 88.3209
v 17.8321 1587.1524 -41.4887
v 14.9040 1540.6380 -57.5020
v 14.8290 1629.5121 42.5030
v 19.0890 1624.5615 9.3525
v 13.3464 1502.7468 -52.3132
v 10.9003 1627.8987 67.6801
v 24.2476 1625.6533 66.4855
v 27.9790 1539.1177 -54.4740
v 25.9766 1501.9257 -49.0027
v 30.6154 1583.6224 -40.8479
v 31.2623 1621.4374 10.3161
v 27.7673 1626.6077 42.5994
v 21.4861 1619.5730 88.4093
v 72.2332 1576.5223 -0.2699
v 19.5485 1608.4947 -21.3865
v 32.9501 1605.9764 -20.3960
v 41.7958 1556.9727 -45.5821
v 54.0413 1552.3956 -38.0749
v 78.4328 1533.8420 3.1534
v 81.9679 1518.9877 24.3625
v 64.8068 1547.5086 -26.1590
v 73.4968 1541.3368 -12.7914
v 80.9504 1526.4619 15.4977
v 17.1092 1562.9224 -53.9556
v 29.6450 1560.5602 -49.8442
v 80.4491 1503.0799 24.7913
v 75.6488 1512.0131 -3.1791
v 80.1616 1506.3802 19.1050
v 50.2109 1517.2307 -41.6714
v 60.6043 1515.8682 -31.4473
v 69.5801 1514.3098 -19.0119
v 38.5353 1518.6788 -48.9121
v 78.8946 1509.8433 9.8727
v 13.6590 1521.3403 -55.9329
v 26.1673 1520.1575 -53.2735
v 75.1417 1514.1330 16.9172
v 72.7113 1507.2060 14.8649
v 92.7771 1513.2042 43.4932
v 93.4279 1514.9138 36.2651
v 94.2783 1506.4413 25.8400
v 94.3211 1511.5744 30.2774
v 92.5482 1500.7518 21.5724
v -8.5269 1603.5673 46.5411
v -15.3381 1607.7009 23.8250
v 8.5783 1604.1547 20.0596
v 15.3232 1607.2844 42.9487
v -15.3381 1626.3624 43.4316
v -8.5984 1630.5443 20.6667
v 15.3232 1626.8456 24.2413
v 8.5804 1629.9081 47.1964
v -1.3325 1617.1954 112.1106
v 3.0677 1617.9559 112.1926
v 4.5667 1622.1504 102.9100
v 5.9639 1624.0901 95.7423
v 50.0431 1620.9808 85.3813
v 4.0533 1629.5397 82.2544
v 53.2707 1622.2537 61.6607
v 5.6547 1633.8295 67.6527
v 91.9538 1551.9223 45.4161
v 97.7551 1509.8052 45.0511
v 3.4025 1624.0293 96.8743
v 47.6349 1617.6661 91.4997
v 3.6369 1628.2551 87.4497
v 55.2011 1621.8172 60.4265
v 5.0067 1635.3256 63.9520
v 57.6771 1625.7403 34.3618
v 3.7880 1635.9691 49.9465
v 75.0846 1600.2946 20.8817
v 84.6633 1579.4815 13.1171
v 86.7566 1551.8004 6.4880
v 96.7549 1510.5328 38.4875
v 90.3079 1515.1945 1.2194
v 54.6492 1625.1472 31.8357
v 3.3071 1635.2731 50.0671
v 49.0554 1628.9346 14.2931
v 1.4909 1634.7528 36.3053
v 72.0090 1601.4827 19.1078
v 70.2957 1606.2208 -10.1136
v 81.5930 1578.2110 12.3570
v 77.6925 1578.8998 -24.2189
v 82.9815 1549.5516 7.8452
v 79.4561 1550.2991 -34.6022
v 87.9466 1515.0887 -1.4948
v 77.7086 1519.1185 -41.2697
v 20.7850 1628.1915 -8.7126
v -0.5412 1633.6489 20.7068
v 0.7802 1627.5470 -10.0063
v -13.6478 1617.7760 15.9779
v 25.2035 1610.5626 -33.3564
v 2.1259 1610.3882 -37.3443
v 28.4532 1584.0010 -52.4664
v 1.3609 1582.8761 -54.9804
v 27.6092 1552.4820 -63.9558
v 0.8439 1551.0995 -64.5396
v 28.0463 1513.3767 -65.3482
v 1.0733 1511.6015 -65.5793
v 43.7729 1629.9257 8.9566
v 1.1958 1634.3420 35.1049
v 23.4194 1628.2483 -7.5541
v 2.4920 1633.4779 23.5477
v 60.7736 1610.2054 -18.5181
v 29.1695 1609.0097 -33.2193
v 67.9333 1583.4942 -34.0933
v 34.2648 1583.9389 -52.0043
v 70.2596 1552.1962 -44.5199
v 33.9861 1552.8316 -62.3352
v 69.0340 1517.6311 -48.8468
v 34.4247 1515.0823 -64.1381
v 1.3325 1617.1954 112.1106
v -3.0677 1617.9559 112.1926
v -4.5667 1622.1504 102.9100
v -5.9639 1624.0901 95.7423
v -50.0431 1620.9808 85.3813
v -4.0533 1629.5397 82.2544
v -53.2707 1622.2537 61.6607
v -5.6547 1633.8295 67.6527
v -91.9538 1551.9223 45.4161
v -97.7551 1509.8052 45.0511
v -3.4025 1624.0293 96.8743
v -47.6349 1617.6661 91.4997
v -3.6369 1628.2551 87.4497
v -55.2011 1621.8172 60.4265
v -5.0067 1635.3256 63.9520
v -57.6771 1625.7403 34.3618
v -3.7880 1635.9691 49.9465
v -75.0846 1600.2946 20.8817
v -84.6633 1579.4815 13.1171
v -86.7566 1551.8004 6.4880
v -96.7549 1510.5328 38.4875
v -90.3079 1515.1945 1.2194
v -54.6492 1625.1472 31.8357
v -3.3071 1635.2731 50.0671
v -49.0554 1628.9346 14.2931
v -1.4909 1634.7528 36.3053
v -72.0090 1601.4827 19.1078
v -70.2957 1606.2208 -10.1136
v -81.5930 1578.2110 12.3570
v -77.6925 1578.8998 -24.2189
v -82.9815 1549.5516 7.8452
v -79.4561 1550.2991 -34.6022
v -87.9466 1515.0887 -1.4948
v -77.7086 1519.1185 -41.2697
v -20.7850 1628.1915 -8.7126
v 0.5412 1633.6489 20.7068
v -0.7802 1627.5470 -10.0063
v 13.6478 1617.7760 15.9779
v -25.2035 1610.5626 -33.3564
v -2.1259 1610.3882 -37.3443
v -28.4532 1584.0010 -52.4664
v -1.3609 1582.8761 -54.9804
v -27.6092 1552.4820 -63.9558
v -0.8439 1551.0995 -64.5396
v -28.0463 1513.3767 -65.3482
v -1.0733 1511.6015 -65.5793
v -43.7729 1629.9257 8.9566
v -1.1958 1634.3420 35.1049
v -23.4194 1628.2483 -7.5541
v -2.4920 1633.4779 23.5477
v -60.7736 1610.2054 -18.5181
v -29.1695 1609.0097 -33.2193
v -67.9333 1583.4942 -34.0933
v -34.2648 1583.9389 -52.0043
v -70.2596 1552.1962 -44.5199
v -33.9861 1552.8316 -62.3352
v -69.0340 1517.6311 -48.8468
v -34.4247 1515.0823 -64.1381
v -62.3534 1509.8177 -22.2153
v -50.2804 1518.9834 -28.2409
v -84.1499 1471.8361 8.4166
v -81.4392 1482.6640 -1.9956
v -84.9675 1428.7287 14.5504
v -73.4387 1510.0647 8.4904
v -47.8507 1534.6900 -0.0197
v 0.0000 1545.7696 -2.6362
v -60.2285 1525.9686 3.8050
v 0.0000 1550.1875 28.0325
v -76.4746 1417.5986 -12.5918
v -71.1655 1417.8858 -25.7392
v -62.5027 1418.4873 -38.8621
v -52.1170 1419.5907 -49.1895
v -39.8147 1420.3873 -56.4599
v -0.0000 1422.3184 -65.9887
v -84.5012 1433.1346 9.0808
v -80.1317 1443.3463 -13.4183
v -74.3183 1448.7941 -31.1459
v -64.8429 1451.5396 -44.2025
v -54.0474 1454.1498 -54.6301
v -41.8546 1456.7406 -62.1877
v -0.0000 1460.3320 -72.3821
v -86.0552 1443.1687 16.5143
v -83.1436 1463.0794 -2.0831
v -79.0480 1472.4184 -15.7041
v -70.7912 1482.1654 -28.4033
v -59.8274 1491.8266 -41.8691
v -46.0873 1499.3679 -49.6074
v 0.0000 1507.5966 -56.4433
v -43.4295 1540.6986 29.8852
v -81.3694 1493.2396 14.4475
v -79.5327 1416.5978 -1.7040
v -83.4474 1438.5558 0.0216
v -85.3199 1453.3805 8.7504
v -18.5810 1506.6524 -53.7387
v -15.5300 1460.1380 -69.7520
v -15.4519 1549.0121 30.2530
v -19.8908 1544.0615 -2.8975
v -13.9069 1422.2468 -64.5632
v -29.1541 1458.6177 -66.7240
v -27.0676 1421.4257 -61.2527
v -31.9013 1503.1224 -53.0979
v -32.5753 1540.9374 -1.9339
v -28.9336 1546.1077 30.3494
v -75.2670 1496.0223 -12.5199
v 0.0000 1530.7351 -34.3987
v -20.3695 1527.9947 -33.6365
v -34.3340 1525.4764 -32.6460
v -43.5513 1476.4727 -57.8321
v -56.3111 1471.8956 -50.3249
v -81.7270 1453.3420 -9.0966
v -85.4106 1438.4877 12.1125
v -67.5287 1467.0086 -38.4090
v -76.5837 1460.8368 -25.0414
v -0.0000 1483.9310 -67.7427
v -84.3503 1445.9619 3.2477
v -17.8278 1482.4224 -66.2056
v -30.8901 1480.0602 -62.0942
v -83.8279 1422.5799 12.5413
v -78.8261 1431.5131 -15.4291
v -83.5284 1425.8802 6.8550
v -52.3197 1436.7307 -53.9214
v -63.1497 1435.3682 -43.6973
v -72.5024 1433.8098 -31.2619
v 0.0000 1441.1309 -70.2391
v -40.1538 1438.1788 -61.1621
v -82.2081 1429.3433 -2.3773
v -14.2327 1440.8403 -68.1829
v -27.2663 1439.6575 -65.5235
v -78.2977 1433.6330 4.6672
v -75.7652 1426.7060 2.6149
v -96.6737 1432.7042 31.2432
v -97.3518 1434.4138 24.0151
v -98.2380 1425.9413 13.5900
v -98.2826 1431.0744 18.0274
v -96.4352 1420.2518 9.3224
v 62.3534 1509.8177 -22.2153
v 50.2804 1518.9834 -28.2409
v 84.1499 1471.8361 8.4166
v 81.4392 1482.6640 -1.9956
v 84.9675 1428.7287 14.5504
v 73.4387 1510.0647 8.4904
v 47.8507 1534.6900 -0.0197
v 60.2285 1525.9686 3.8050
v 76.4746 1417.5986 -12.5918
v 71.1655 1417.8858 -25.7392
v 62.5027 1418.4873 -38.8621
v 52.1170 1419.5907 -49.1895
v 39.8147 1420.3873 -56.4599
v 84.5012 1433.1346 9.0808
v 80.1317 1443.3463 -13.4183
v 74.3183 1448.7941 -31.1459
v 64.8429 1451.5396 -44.2025
v 54.0474 1454.1498 -54.6301
v 41.8546 1456.7406 -62.1877
v 86.0552 1443.1687 16.5143
v 83.1436 1463.0794 -2.0831
v 79.0480 1472.4184 -15.7041
v 70.7912 1482.1654 -28.4033
v 59.8274 1491.8266 -41.8691
v 46.0873 1499.3679 -49.6074
v 43.4295 1540.6986 29.8852
v 81.3694 1493.2396 14.4475
v 79.5327 1416.5978 -1.7040
v 83.4474 1438.5558 0.0216
v 85.3199 1453.3805 8.7504
v 18.5810 1506.6524 -53.7387
v 15.5300 1460.1380 -69.7520
v 15.4519 1549.0121 30.2530
v 19.8908 1544.0615 -2.8975
v 13.9069 1422.2468 -64.5632
v 29.1541 1458.6177 -66.7240
v 27.0676 1421.4257 -61.2527
v 31.9013 1503.1224 -53.0979
v 32.5753 1540.9374 -1.9339
v 28.9336 1546.1077 30.3494
v 75.2670 1496.0223 -12.5199
v 20.3695 1527.9947 -33.6365
v 34.3340 1525.4764 -32.6460
v 43.5513 1476.4727 -57.8321
v 56.3111 1471.8956 -50.3249
v 81.7270 1453.3420 -9.0966
v 85.4106 1438.4877 12.1125
v 67.5287 1467.0086 -38.4090
v 76.5837 1460.8368 -25.0414
v 84.3503 1445.9619 3.2477
v 17.8278 1482.4224 -66.2056
v 30.8901 1480.0602 -62.0942
v 83.8279 1422.5799 12.5413
v 78.8261 1431.5131 -15.4291
v 83.5284 1425.8802 6.8550
v 52.3197 1436.7307 -53.9214
v 63.1497 1435.3682 -43.6973
v 72.5024 1433.8098 -31.2619
v 40.1538 1438.1788 -61.1621
v 82.2081 1429.3433 -2.3773
v 14.2327 1440.8403 -68.1829
v 27.2663 1439.6575 -65.5235
v 78.2977 1433.6330 4.6672
v 75.7652 1426.7060 2.6149
v 96.6737 1432.7042 31.2432
v 97.3518 1434.4138 24.0151
v 98.2380 1425.9413 13.5900
v 98.2826 1431.0744 18.0274
v 96.4352 1420.2518 9.3224
v -15.9823 1527.2009 11.5750
v 8.9386 1523.6547 7.8096
v 15.9668 1526.7844 30.6987
v -15.9823 1545.8624 31.1816
v -8.9595 1550.0443 8.4167
v 15.9668 1546.3456 11.9913
v 60.0996 1545.2403 22.1118
v 78.2382 1519.7946 8.6317
v 88.2192 1498.9815 0.8671
v 90.4004 1471.3004 -5.7620
v 100.8186 1430.0328 26.2375
v 94.1009 1434.6945 -11.0306
v 56.9445 1544.6472 19.5857
v 51.1158 1548.4346 2.0431
v 1.5535 1554.2528 24.0553
v 75.0334 1520.9827 6.8578
v 73.2481 1525.7208 -22.3636
v 85.0199 1497.7110 0.1070
v 80.9556 1498.3998 -36.4689
v 86.4667 1469.0516 -4.4048
v 82.7932 1469.7991 -46.8522
v 91.6404 1434.5887 -13.7448
v 80.9724 1438.6185 -53.5197
v 21.6580 1547.6915 -20.9626
v -0.5639 1553.1489 8.4568
v 0.8130 1547.0470 -22.2563
v -14.2210 1537.2760 3.7279
v 26.2621 1530.0626 -45.6064
v 2.2152 1529.8882 -49.5943
v 29.6483 1503.5010 -64.7164
v 1.4181 1502.3761 -67.2304
v 28.7688 1471.9820 -76.2058
v 0.8794 1470.5995 -76.7896
v 29.2242 1432.8767 -77.5982
v 1.1184 1431.1015 -77.8293
v 45.6114 1549.4257 -3.2934
v 1.2460 1553.8420 22.8549
v 24.4030 1547.7483 -19.8041
v 2.5967 1552.9779 11.2977
v 63.3261 1529.7054 -30.7681
v 30.3947 1528.5097 -45.4693
v 70.7865 1502.9942 -46.3433
v 35.7040 1503.4389 -64.2543
v 73.2105 1471.6962 -56.7699
v 35.4135 1472.3316 -74.5852
v 71.9334 1437.1311 -61.0968
v 35.8705 1434.5823 -76.3881
v -60.0996 1545.2403 22.1118
v -78.2382 1519.7946 8.6317
v -88.2192 1498.9815 0.8671
v -90.4004 1471.3004 -5.7620
v -100.8186 1430.0328 26.2375
v -94.1009 1434.6945 -11.0306
v -56.9445 1544.6472 19.5857
v -51.1158 1548.4346 2.0431
v -1.5535 1554.2528 24.0553
v -75.0334 1520.9827 6.8578
v -73.2481 1525.7208 -22.3636
v -85.0199 1497.7110 0.1070
v -80.9556 1498.3998 -36.4689
v -86.4667 1469.0516 -4.4048
v -82.7932 1469.7991 -46.8522
v -91.6404 1434.5887 -13.7448
v -80.9724 1438.6185 -53.5197
v -21.6580 1547.6915 -20.9626
v 0.5639 1553.1489 8.4568
v -0.8130 1547.0470 -22.2563
v 14.2210 1537.2760 3.7279
v -26.2621 1530.0626 -45.6064
v -2.2152 1529.8882 -49.5943
v -29.6483 1503.5010 -64.7164
v -1.4181 1502.3761 -67.2304
v -28.7688 1471.9820 -76.2058
v -0.8794 1470.5995 -76.7896
v -29.2242 1432.8767 -77.5982
v -1.1184 1431.1015 -77.8293
v -45.6114 1549.4257 -3.2934
v -1.2460 1553.8420 22.8549
v -24.4030 1547.7483 -19.8041
v -2.5967 1552.9779 11.2977
v -63.3261 1529.7054 -30.7681
v -30.3947 1528.5097 -45.4693
v -70.7865 1502.9942 -46.3433
v -35.7040 1503.4389 -64.2543
v -73.2105 1471.6962 -56.7699
v -35.4135 1472.3316 -74.5852
v -71.9334 1437.1311 -61.0968
v -35.8705 1434.5823 -76.3881
v -64.8667 1429.3177 -34.4653
v -52.3071 1438.4834 -40.4909
v -87.5417 1391.3361 -3.8334
v -84.7218 1402.1640 -14.2456
v -88.3923 1348.2287 2.3004
v -76.3988 1429.5647 -3.7596
v -49.7794 1454.1900 -12.2697
v 0.0000 1465.2696 -14.8862
v -62.6561 1445.4686 -8.4450
v 0.0000 1469.6875 15.7825
v -79.5571 1337.0986 -24.8418
v -74.0340 1337.3858 -37.9892
v -65.0220 1337.9873 -51.1121
v -54.2177 1339.0907 -61.4395
v -41.4195 1339.8873 -68.7099
v -0.0000 1341.8184 -78.2387
v -87.9072 1352.6346 -3.1692
v -83.3616 1362.8463 -25.6683
v -77.3139 1368.2941 -43.3959
v -67.4565 1371.0396 -56.4525
v -56.2259 1373.6498 -66.8801
v -43.5416 1376.2406 -74.4377
v -0.0000 1379.8320 -84.6321
v -89.5239 1362.6687 4.2643
v -86.4949 1382.5794 -14.3331
v -82.2342 1391.9184 -27.9541
v -73.6446 1401.6654 -40.6533
v -62.2388 1411.3266 -54.1191
v -47.9449 1418.8679 -61.8574
v 0.0000 1427.0966 -68.6933
v -45.1800 1460.1986 17.6352
v -84.6491 1412.7396 2.1975
v -82.7384 1336.0978 -13.9540
v -86.8109 1358.0558 -12.2284
v -88.7589 1372.8805 -3.4996
v -19.3300 1426.1524 -65.9887
v -16.1560 1379.6380 -82.0020
v -16.0747 1468.5121 18.0030
v -20.6925 1463.5615 -15.1475
v -14.4675 1341.7468 -76.8132
v -30.3293 1378.1177 -78.9740
v -28.1586 1340.9257 -73.5027
v -33.1871 1422.6224 -65.3479
v -33.8883 1460.4374 -14.1839
v -30.0998 1465.6077 18.0994
v -78.3008 1415.5223 -24.7699
v 0.0000 1450.2351 -46.6487
v -21.1906 1447.4947 -45.8865
v -35.7180 1444.9764 -44.8960
v -45.3067 1395.9727 -70.0821
v -58.5808 1391.3956 -62.5749
v -85.0212 1372.8420 -21.3466
v -88.8533 1357.9877 -0.1375
v -70.2506 1386.5086 -50.6590
v -79.6705 1380.3368 -37.2914
v -0.0000 1403.4310 -79.9927
v -87.7502 1365.4619 -9.0023
v -18.5464 1401.9224 -78.4556
v -32.1352 1399.5602 -74.3442
v -87.2068 1342.0799 0.2913
v -82.0033 1351.0131 -27.6791
v -86.8952 1345.3802 -5.3950
v -54.4286 1356.2307 -66.1714
v -65.6951 1354.8682 -55.9473
v -75.4248 1353.3098 -43.5119
v 0.0000 1360.6309 -82.4891
v -41.7723 1357.6788 -73.4121
v -85.5217 1348.8433 -14.6273
v -14.8064 1360.3403 -80.4329
v -28.3653 1359.1575 -77.7735
v -81.4536 1353.1330 -7.5828
v -78.8191 1346.2060 -9.6351
v -100.5703 1352.2042 18.9932
v -101.2758 1353.9138 11.7651
v -102.1976 1345.4413 1.3400
v -102.2441 1350.5744 5.7774
v -100.3222 1339.7518 -2.9276
v 64.8667 1429.3177 -34.4653
v 52.3071 1438.4834 -40.4909
v 87.5417 1391.3361 -3.8334
v 84.7218 1402.1640 -14.2456
v 88.3923 1348.2287 2.3004
v 76.3988 1429.5647 -3.7596
v 49.7794 1454.1900 -12.2697
v 62.6561 1445.4686 -8.4450
v 79.5571 1337.0986 -24.8418
v 74.0340 1337.3858 -37.9892
v 65.0220 1337.9873 -51.1121
v 54.2177 1339.0907 -61.4395
v 41.4195 1339.8873 -68.7099
v 87.9072 1352.6346 -3.1692
v 83.3616 1362.8463 -25.6683
v 77.3139 1368.2941 -43.3959
v 67.4565 1371.0396 -56.4525
v 56.2259 1373.6498 -66.8801
v 43.5416 1376.2406 -74.4377
v 89.5239 1362.6687 4.2643
v 86.4949 1382.5794 -14.3331
v 82.2342 1391.9184 -27.9541
v 73.6446 1401.6654 -40.6533
v 62.2388 1411.3266 -54.1191
v 47.9449 1418.8679 -61.8574
v 45.1800 1460.1986 17.6352
v 84.6491 1412.7396 2.1975
v 82.7384 1336.0978 -13.9540
v 86.8109 1358.0558 -12.2284
v 88.7589 1372.8805 -3.4996
v 19.3300 1426.1524 -65.9887
v 16.1560 1379.6380 -82.0020
v 16.0747 1468.5121 18.0030
v 20.6925 1463.5615 -15.1475
v 14.4675 1341.7468 -76.8132
v 30.3293 1378.1177 -78.9740
v 28.1586 1340.9257 -73.5027
v 33.1871 1422.6224 -65.3479
v 33.8883 1460.4374 -14.1839
v 30.0998 1465.6077 18.0994
v 78.3008 1415.5223 -24.7699
v 21.1906 1447.4947 -45.8865
v 35.7180 1444.9764 -44.8960
v 45.3067 1395.9727 -70.0821
v 58.5808 1391.3956 -62.5749
v 85.0212 1372.8420 -21.3466
v 88.8533 1357.9877 -0.1375
v 70.2506 1386.5086 -50.6590
v 79.6705 1380.3368 -37.2914
v 87.7502 1365.4619 -9.0023
v 18.5464 1401.9224 -78.4556
v 32.1352 1399.5602 -74.3442
v 87.2068 1342.0799 0.2913
v 82.0033 1351.0131 -27.6791
v 86.8952 1345.3802 -5.3950
v 54.4286 1356.2307 -66.1714
v 65.6951 1354.8682 -55.9473
v 75.4248 1353.3098 -43.5119
v 41.7723 1357.6788 -73.4121
v 85.5217 1348.8433 -14.6273
v 14.8064 1360.3403 -80.4329
v 28.3653 1359.1575 -77.7735
v 81.4536 1353.1330 -7.5828
v 78.8191 1346.2060 -9.6351
v 100.5703 1352.2042 18.9932
v 101.2758 1353.9138 11.7651
v 102.1976 1345.4413 1.3400
v 102.2441 1350.5744 5.7774
v 100.3222 1339.7518 -2.9276
v -16.6265 1446.7009 -0.6750
v 9.2989 1443.1547 -4.4404
v 16.6103 1446.2844 18.4487
v -16.6265 1465.3624 18.9316
v -9.3207 1469.5443 -3.8333
v 16.6103 1465.8456 -0.2587
v 62.5220 1464.7403 9.8618
v 81.3917 1439.2946 -3.6183
v 91.7750 1418.4815 -11.3829
v 94.0442 1390.8004 -18.0120
v 104.8823 1349.5328 13.9875
v 97.8938 1354.1945 -23.2806
v 59.2398 1464.1472 7.3357
v 53.1761 1467.9346 -10.2069
v 1.6161 1473.7528 11.8053
v 78.0578 1440.4827 -5.3922
v 76.2005 1445.2208 -34.6136
v 88.4468 1417.2110 -12.1430
v 84.2187 1417.8998 -48.7189
v 89.9519 1388.5516 -16.6548
v 86.1304 1389.2991 -59.1022
v 95.3342 1354.0887 -25.9948
v 84.2361 1358.1185 -65.7697
v 22.5310 1467.1915 -33.2126
v -0.5867 1472.6489 -3.7932
v 0.8457 1466.5470 -34.5063
v -14.7942 1456.7760 -8.5221
v 27.3206 1449.5626 -57.8564
v 2.3044 1449.3882 -61.8443
v 30.8433 1423.0010 -76.9664
v 1.4752 1421.8761 -79.4804
v 29.9284 1391.4820 -88.4558
v 0.9148 1390.0995 -89.0396
v 30.4021 1352.3767 -89.8482
v 1.1634 1350.6015 -90.0793
v 47.4499 1468.9257 -15.5434
v 1.2962 1473.3420 10.6049
v 25.3866 1467.2483 -32.0541
v 2.7014 1472.4779 -0.9523
v 65.8786 1449.2054 -43.0181
v 31.6198 1448.0097 -57.7193
v 73.6397 1422.4942 -58.5933
v 37.1431 1422.9389 -76.5043
v 76.1614 1391.1962 -69.0199
v 36.8409 1391.8316 -86.8352
v 74.8329 1356.6311 -73.3468
v 37.3164 1354.0823 -88.6381
v -62.5220 1464.7403 9.8618
v -81.3917 1439.2946 -3.6183
v -91.7750 1418.4815 -11.3829
v -94.0442 1390.8004 -18.0120
v -104.8823 1349.5328 13.9875
v -97.8938 1354.1945 -23.2806
v -59.2398 1464.1472 7.3357
v -53.1761 1467.9346 -10.2069
v -1.6161 1473.7528 11.8053
v -78.0578 1440.4827 -5.3922
v -76.2005 1445.2208 -34.6136
v -88.4468 1417.2110 -12.1430
v -84.2187 1417.8998 -48.7189
v -89.9519 1388.5516 -16.6548
v -86.1304 1389.2991 -59.1022
v -95.3342 1354.0887 -25.9948
v -84.2361 1358.1185 -65.7697
v -22.5310 1467.1915 -33.2126
v 0.5867 1472.6489 -3.7932
v -0.8457 1466.5470 -34.5063
v 14.7942 1456.7760 -8.5221
v -27.3206 1449.5626 -57.8564
v -2.3044 1449.3882 -61.8443
v -30.8433 1423.0010 -76.9664
v -1.4752 1421.8761 -79.4804
v -29.9284 1391.4820 -88.4558
v -0.9148 1390.0995 -89.0396
v -30.4021 1352.3767 -89.8482
v -1.1634 1350.6015 -90.0793
v -47.4499 1468.9257 -15.5434
v -1.2962 1473.3420 10.6049
v -25.3866 1467.2483 -32.0541
v -2.7014 1472.4779 -0.9523
v -65.8786 1449.2054 -43.0181
v -31.6198 1448.0097 -57.7193
v -73.6397 1422.4942 -58.5933
v -37.1431 1422.9389 -76.5043
v -76.1614 1391.1962 -69.0199
v -36.8409 1391.8316 -86.8352
v -74.8329 1356.6311 -73.3468
v -37.3164 1354.0823 -88.6381
v -67.0209 1360.3177 -44.9653
v -54.0442 1369.4834 -50.9909
v -90.4490 1322.3361 -14.3334
v -87.5354 1333.1640 -24.7456
v -91.3279 1279.2287 -8.1996
v -78.9360 1360.5647 -14.2596
v -51.4326 1385.1900 -22.7697
v 0.0000 1396.2696 -25.3862
v -64.7370 1376.4686 -18.9450
v 0.0000 1400.6875 5.2825
v -82.1992 1268.0986 -35.3418
v -76.4927 1268.3858 -48.4892
v -67.1814 1268.9873 -61.6121
v -56.0183 1270.0907 -71.9395
v -42.7951 1270.8873 -79.2099
v -0.0000 1272.8184 -88.7387
v -90.8267 1283.6346 -13.6692
v -86.1301 1293.8463 -36.1683
v -79.8815 1299.2941 -53.8959
v -69.6968 1302.0396 -66.9525
v -58.0931 1304.6498 -77.3801
v -44.9876 1307.2406 -84.9377
v -0.0000 1310.8320 -95.1321
v -92.4970 1293.6687 -6.2357
v -89.3674 1313.5794 -24.8331
v -84.9652 1322.9184 -38.4541
v -76.0904 1332.6654 -51.1533
v -64.3058 1342.3266 -64.6191
v -49.5372 1349.8679 -72.3574
v 0.0000 1358.0966 -79.1933
v -46.6804 1391.1986 7.1352
v -87.4604 1343.7396 -8.3025
v -85.4862 1267.0978 -24.4540
v -89.6939 1289.0558 -22.7284
v -91.7067 1303.8805 -13.9996
v -19.9719 1357.1524 -76.4887
v -16.6925 1310.6380 -92.5020
v -16.6085 1399.5121 7.5030
v -21.3797 1394.5615 -25.6475
v -14.9479 1272.7468 -87.3132
v -31.3365 1309.1177 -89.4740
v -29.0938 1271.9257 -84.0027
v -34.2893 1353.6224 -75.8479
v -35.0137 1391.4374 -24.6839
v -31.0994 1396.6077 7.5994
v -80.9012 1346.5223 -35.2699
v 0.0000 1381.2351 -57.1487
v -21.8943 1378.4947 -56.3865
v -36.9042 1375.9764 -55.3960
v -46.8113 1326.9727 -80.5821
v -60.5263 1322.3956 -73.0749
v -87.8448 1303.8420 -31.8466
v -91.8041 1288.9877 -10.6375
v -72.5836 1317.5086 -61.1590
v -82.3164 1311.3368 -47.7914
v -0.0000 1334.4310 -90.4927
v -90.6644 1296.4619 -19.5023
v -19.1623 1332.9224 -88.9556
v -33.2024 1330.5602 -84.8442
v -90.1029 1273.0799 -10.2087
v -84.7267 1282.0131 -38.1791
v -89.7810 1276.3802 -15.8950
v -56.2362 1287.2307 -76.6714
v -67.8769 1285.8682 -66.4473
v -77.9297 1284.3098 -54.0119
v 0.0000 1291.6309 -92.9891
v -43.1596 1288.6788 -83.9121
v -88.3619 1279.8433 -25.1273
v -15.2981 1291.3403 -90.9329
v -29.3074 1290.1575 -88.2735
v -84.1587 1284.1330 -18.0828
v -81.4367 1277.2060 -20.1351
v -103.9103 1283.2042 8.4932
v -104.6392 1284.9138 1.2651
v -105.5917 1276.4413 -9.1600
v -105.6397 1281.5744 -4.7226
v -103.6540 1270.7518 -13.4276
v 67.0209 1360.3177 -44.9653
v 54.0442 1369.4834 -50.9909
v 90.4490 1322.3361 -14.3334
v 87.5354 1333.1640 -24.7456
v 91.3279 1279.2287 -8.1996
v 78.9360 1360.5647 -14.2596
v 51.4326 1385.1900 -22.7697
v 64.7370 1376.4686 -18.9450
v 82.1992 1268.0986 -35.3418
v 76.4927 1268.3858 -48.4892
v 67.1814 1268.9873 -61.6121
v 56.0183 1270.0907 -71.9395
v 42.7951 1270.8873 -79.2099
v 90.8267 1283.6346 -13.6692
v 86.1301 1293.8463 -36.1683
v 79.8815 1299.2941 -53.8959
v 69.6968 1302.0396 -66.9525
v 58.0931 1304.6498 -77.3801
v 44.9876 1307.2406 -84.9377
v 92.4970 1293.6687 -6.2357
v 89.3674 1313.5794 -24.8331
v 84.9652 1322.9184 -38.4541
v 76.0904 1332.6654 -51.1533
v 64.3058 1342.3266 -64.6191
v 49.5372 1349.8679 -72.3574
v 46.6804 1391.1986 7.1352
v 87.4604 1343.7396 -8.3025
v 85.4862 1267.0978 -24.4540
v 89.6939 1289.0558 -22.7284
v 91.7067 1303.8805 -13.9996
v 19.9719 1357.1524 -76.4887
v 16.6925 1310.6380 -92.5020
v 16.6085 1399.5121 7.5030
v 21.3797 1394.5615 -25.6475
v 14.9479 1272.7468 -87.3132
v 31.3365 1309.1177 -89.4740
v 29.0938 1271.9257 -84.0027
v 34.2893 1353.6224 -75.8479
v 35.0137 1391.4374 -24.6839
v 31.0994 1396.6077 7.5994
v 80.9012 1346.5223 -35.2699
v 21.8943 1378.4947 -56.3865
v 36.9042 1375.9764 -55.3960
v 46.8113 1326.9727 -80.5821
v 60.5263 1322.3956 -73.0749
v 87.8448 1303.8420 -31.8466
v 91.8041 1288.9877 -10.6375
v 72.5836 1317.5086 -61.1590
v 82.3164 1311.3368 -47.7914
v 90.6644 1296.4619 -19.5023
v 19.1623 1332.9224 -88.9556
v 33.2024 1330.5602 -84.8442
v 90.1029 1273.0799 -10.2087
v 84.7267 1282.0131 -38.1791
v 89.7810 1276.3802 -15.8950
v 56.2362 1287.2307 -76.6714
v 67.8769 1285.8682 -66.4473
v 77.9297 1284.3098 -54.0119
v 43.1596 1288.6788 -83.9121
v 88.3619 1279.8433 -25.1273
v 15.2981 1291.3403 -90.9329
v 29.3074 1290.1575 -88.2735
v 84.1587 1284.1330 -18.0828
v 81.4367 1277.2060 -20.1351
v 103.9103 1283.2042 8.4932
v 104.6392 1284.9138 1.2651
v 105.5917 1276.4413 -9.1600
v 105.6397 1281.5744 -4.7226
v 103.6540 1270.7518 -13.4276
v -17.1787 1377.7009 -11.1750
v 9.6077 1374.1547 -14.9404
v 17.1620 1377.2844 7.9487
v -17.1787 1396.3624 8.4316
v -9.6302 1400.5443 -14.3333
v 17.1620 1396.8456 -10.7587
v 64.5984 1395.7403 -0.6382
v 84.0948 1370.2946 -14.1183
v 94.8229 1349.4815 -21.8829
v 97.1674 1321.8004 -28.5120
v 108.3654 1280.5328 3.4875
v 101.1449 1285.1945 -33.7806
v 61.2071 1395.1472 -3.1643
v 54.9421 1398.9346 -20.7069
v 1.6698 1404.7528 1.3053
v 80.6501 1371.4827 -15.8922
v 78.7312 1376.2208 -45.1136
v 91.3842 1348.2110 -22.6430
v 87.0156 1348.8998 -59.2189
v 92.9392 1319.5516 -27.1548
v 88.9908 1320.2991 -69.6022
v 98.5002 1285.0887 -36.4948
v 87.0337 1289.1185 -76.2697
v 23.2792 1398.1915 -43.7126
v -0.6061 1403.6489 -14.2932
v 0.8738 1397.5470 -45.0063
v -15.2855 1387.7760 -19.0221
v 28.2280 1380.5626 -68.3564
v 2.3810 1380.3882 -72.3443
v 31.8676 1354.0010 -87.4664
v 1.5242 1352.8761 -89.9804
v 30.9224 1322.4820 -98.9558
v 0.9452 1321.0995 -99.5396
v 31.4118 1283.3767 -100.3482
v 1.2021 1281.6015 -100.5793
v 49.0257 1399.9257 -26.0434
v 1.3393 1404.3420 0.1049
v 26.2297 1398.2483 -42.5541
v 2.7911 1403.4779 -11.4523
v 68.0665 1380.2054 -53.5181
v 32.6699 1379.0097 -68.2193
v 76.0853 1353.4942 -69.0933
v 38.3766 1353.9389 -87.0043
v 78.6907 1322.1962 -79.5199
v 38.0644 1322.8316 -97.3352
v 77.3181 1287.6311 -83.8468
v 38.5557 1285.0823 -99.1381
v -64.5984 1395.7403 -0.6382
v -84.0948 1370.2946 -14.1183
v -94.8229 1349.4815 -21.8829
v -97.1674 1321.8004 -28.5120
v -108.3654 1280.5328 3.4875
v -101.1449 1285.1945 -33.7806
v -61.2071 1395.1472 -3.1643
v -54.9421 1398.9346 -20.7069
v -1.6698 1404.7528 1.3053
v -80.6501 1371.4827 -15.8922
v -78.7312 1376.2208 -45.1136
v -91.3842 1348.2110 -22.6430
v -87.0156 1348.8998 -59.2189
v -92.9392 1319.5516 -27.1548
v -88.9908 1320.2991 -69.6022
v -98.5002 1285.0887 -36.4948
v -87.0337 1289.1185 -76.2697
v -23.2792 1398.1915 -43.7126
v 0.6061 1403.6489 -14.2932
v -0.8738 1397.5470 -45.0063
v 15.2855 1387.7760 -19.0221
v -28.2280 1380.5626 -68.3564
v -2.3810 1380.3882 -72.3443
v -31.8676 1354.0010 -87.4664
v -1.5242 1352.8761 -89.9804
v -30.9224 1322.4820 -98.9558
v -0.9452 1321.0995 -99.5396
v -31.4118 1283.3767 -100.3482
v -1.2021 1281.6015 -100.5793
v -49.0257 1399.9257 -26.0434
v -1.3393 1404.3420 0.1049
v -26.2297 1398.2483 -42.5541
v -2.7911 1403.4779 -11.4523
v -68.0665 1380.2054 -53.5181
v -32.6699 1379.0097 -68.2193
v -76.0853 1353.4942 -69.0933
v -38.3766 1353.9389 -87.0043
v -78.6907 1322.1962 -79.5199
v -38.0644 1322.8316 -97.3352
v -77.3181 1287.6311 -83.8468
v -38.5557 1285.0823 -99.1381
f 9 33 7
f 9 33 313
f 9 313 291
f 33 7 289
f 33 289 313
f 7 9 291
f 7 291 289
f 291 313 547
f 291 547 525
f 313 289 523
f 313 523 547
f 289 291 525
f 289 525 523
f 525 547 781
f 525 781 759
f 547 523 757
f 547 757 781
f 523 525 759
f 523 759 757
f 31 2 56
f 31 2 284
f 31 284 311
f 2 56 331
f 2 331 284
f 56 31 311
f 56 311 331
f 311 284 518
f 311 518 545
f 284 331 565
f 284 565 518
f 331 311 545
f 331 545 565
f 545 518 752
f 545 752 779
f 518 565 799
f 518 799 752
f 565 545 779
f 565 779 799
f 31 56 49
f 31 56 331
f 31 331 311
f 56 49 325
f 56 325 331
f 49 31 311
f 49 311 325
f 311 331 565
f 311 565 545
f 331 325 559
f 331 559 565
f 325 311 545
f 325 545 559
f 545 565 799
f 545 799 779
f 565 559 793
f 565 793 799
f 559 545 779
f 559 779 793
f 49 56 55
f 49 56 331
f 49 331 325
f 56 55 330
f 56 330 331
f 55 49 325
f 55 325 330
f 325 331 565
f 325 565 559
f 331 330 564
f 331 564 565
f 330 325 559
f 330 559 564
f 559 565 799
f 559 799 793
f 565 564 798
f 565 798 799
f 564 559 793
f 564 793 798
f 49 55 40
f 49 55 330
f 49 330 325
f 55 40 318
f 55 318 330
f 40 49 325
f 40 325 318
f 325 330 564
f 325 564 559
f 330 318 552
f 330 552 564
f 318 325 559
f 318 559 552
f 559 564 798
f 559 798 793
f 564 552 786
f 564 786 798
f 552 559 793
f 552 793 786
f 29 53 1
f 29 53 328
f 29 328 309
f 53 1 283
f 53 283 328
f 1 29 309
f 1 309 283
f 309 328 562
f 309 562 543
f 328 283 517
f 328 517 562
f 283 309 543
f 283 543 517
f 543 562 796
f 543 796 777
f 562 517 751
f 562 751 796
f 517 543 777
f 517 777 751
f 29 1 30
f 29 1 283
f 29 283 309
f 1 30 310
f 1 310 283
f 30 29 309
f 30 309 310
f 309 283 517
f 309 517 543
f 283 310 544
f 283 544 517
f 310 309 543
f 310 543 544
f 543 517 751
f 543 751 777
f 517 544 778
f 517 778 751
f 544 543 777
f 544 777 778
f 37 3 27
f 37 3 285
f 37 285 317
f 3 27 307
f 3 307 285
f 27 37 317
f 27 317 307
f 317 285 519
f 317 519 551
f 285 307 541
f 285 541 519
f 307 317 551
f 307 551 541
f 551 519 753
f 551 753 785
f 519 541 775
f 519 775 753
f 541 551 785
f 541 785 775
f 30 1 2
f 30 1 283
f 30 283 310
f 1 2 284
f 1 284 283
f 2 30 310
f 2 310 284
f 310 283 517
f 310 517 544
f 283 284 518
f 283 518 517
f 284 310 544
f 284 544 518
f 544 517 751
f 544 751 778
f 517 518 752
f 517 752 751
f 518 544 778
f 518 778 752
f 30 2 31
f 30 2 284
f 30 284 310
f 2 31 311
f 2 311 284
f 31 30 310
f 31 310 311
f 310 284 518
f 310 518 544
f 284 311 545
f 284 545 518
f 311 310 544
f 311 544 545
f 544 518 752
f 544 752 778
f 518 545 779
f 518 779 752
f 545 544 778
f 545 778 779
f 27 3 4
f 27 3 285
f 27 285 307
f 3 4 286
f 3 286 285
f 4 27 307
f 4 307 286
f 307 285 519
f 307 519 541
f 285 286 520
f 285 520 519
f 286 307 541
f 286 541 520
f 541 519 753
f 541 753 775
f 519 520 754
f 519 754 753
f 520 541 775
f 520 775 754
f 27 4 28
f 27 4 286
f 27 286 307
f 4 28 308
f 4 308 286
f 28 27 307
f 28 307 308
f 307 286 520
f 307 520 541
f 286 308 542
f 286 542 520
f 308 307 541
f 308 541 542
f 541 520 754
f 541 754 775
f 520 542 776
f 520 776 754
f 542 541 775
f 542 775 776
f 40 55 54
f 40 55 330
f 40 330 318
f 55 54 329
f 55 329 330
f 54 40 318
f 54 318 329
f 318 330 564
f 318 564 552
f 330 329 563
f 330 563 564
f 329 318 552
f 329 552 563
f 552 564 798
f 552 798 786
f 564 563 797
f 564 797 798
f 563 552 786
f 563 786 797
f 40 54 32
f 40 54 329
f 40 329 318
f 54 32 312
f 54 312 329
f 32 40 318
f 32 318 312
f 318 329 563
f 318 563 552
f 329 312 546
f 329 546 563
f 312 318 552
f 312 552 546
f 552 563 797
f 552 797 786
f 563 546 780
f 563 780 797
f 546 552 786
f 546 786 780
f 28 4 53
f 28 4 286
f 28 286 308
f 4 53 328
f 4 328 286
f 53 28 308
f 53 308 328
f 308 286 520
f 308 520 542
f 286 328 562
f 286 562 520
f 328 308 542
f 328 542 562
f 542 520 754
f 542 754 776
f 520 562 796
f 520 796 754
f 562 542 776
f 562 776 796
f 28 53 29
f 28 53 328
f 28 328 308
f 53 29 309
f 53 309 328
f 29 28 308
f 29 308 309
f 308 328 562
f 308 562 542
f 328 309 543
f 328 543 562
f 309 308 542
f 309 542 543
f 542 562 796
f 542 796 776
f 562 543 777
f 562 777 796
f 543 542 776
f 543 776 777
f 22 61 58
f 22 61 336
f 22 336 302
f 61 58 333
f 61 333 336
f 58 22 302
f 58 302 333
f 302 336 570
f 302 570 536
f 336 333 567
f 336 567 570
f 333 302 536
f 333 536 567
f 536 570 804
f 536 804 770
f 570 567 801
f 570 801 804
f 567 536 770
f 567 770 801
f 22 58 23
f 22 58 333
f 22 333 302
f 58 23 303
f 58 303 333
f 23 22 302
f 23 302 303
f 302 333 567
f 302 567 536
f 333 303 537
f 333 537 567
f 303 302 536
f 303 536 537
f 536 567 801
f 536 801 770
f 567 537 771
f 567 771 801
f 537 536 770
f 537 770 771
f 75 36 20
f 75 36 316
f 75 316 350
f 36 20 300
f 36 300 316
f 20 75 350
f 20 350 300
f 350 316 550
f 350 550 584
f 316 300 534
f 316 534 550
f 300 350 584
f 300 584 534
f 584 550 784
f 584 784 818
f 550 534 768
f 550 768 784
f 534 584 818
f 534 818 768
f 75 20 68
f 75 20 300
f 75 300 350
f 20 68 343
f 20 343 300
f 68 75 350
f 68 350 343
f 350 300 534
f 350 534 584
f 300 343 577
f 300 577 534
f 343 350 584
f 343 584 577
f 584 534 768
f 584 768 818
f 534 577 811
f 534 811 768
f 577 584 818
f 577 818 811
f 71 22 23
f 71 22 302
f 71 302 346
f 22 23 303
f 22 303 302
f 23 71 346
f 23 346 303
f 346 302 536
f 346 536 580
f 302 303 537
f 302 537 536
f 303 346 580
f 303 580 537
f 580 536 770
f 580 770 814
f 536 537 771
f 536 771 770
f 537 580 814
f 537 814 771
f 71 23 70
f 71 23 303
f 71 303 346
f 23 70 345
f 23 345 303
f 70 71 346
f 70 346 345
f 346 303 537
f 346 537 580
f 303 345 579
f 303 579 537
f 345 346 580
f 345 580 579
f 580 537 771
f 580 771 814
f 537 579 813
f 537 813 771
f 579 580 814
f 579 814 813
f 72 21 22
f 72 21 301
f 72 301 347
f 21 22 302
f 21 302 301
f 22 72 347
f 22 347 302
f 347 301 535
f 347 535 581
f 301 302 536
f 301 536 535
f 302 347 581
f 302 581 536
f 581 535 769
f 581 769 815
f 535 536 770
f 535 770 769
f 536 581 815
f 536 815 770
f 72 22 71
f 72 22 302
f 72 302 347
f 22 71 346
f 22 346 302
f 71 72 347
f 71 347 346
f 347 302 536
f 347 536 581
f 302 346 580
f 302 580 536
f 346 347 581
f 346 581 580
f 581 536 770
f 581 770 815
f 536 580 814
f 536 814 770
f 580 581 815
f 580 815 814
f 76 41 25
f 76 41 319
f 76 319 351
f 41 25 305
f 41 305 319
f 25 76 351
f 25 351 305
f 351 319 553
f 351 553 585
f 319 305 539
f 319 539 553
f 305 351 585
f 305 585 539
f 585 553 787
f 585 787 819
f 553 539 773
f 553 773 787
f 539 585 819
f 539 819 773
f 76 25 73
f 76 25 305
f 76 305 351
f 25 73 348
f 25 348 305
f 73 76 351
f 73 351 348
f 351 305 539
f 351 539 585
f 305 348 582
f 305 582 539
f 348 351 585
f 348 585 582
f 585 539 773
f 585 773 819
f 539 582 816
f 539 816 773
f 582 585 819
f 582 819 816
f 68 20 21
f 68 20 300
f 68 300 343
f 20 21 301
f 20 301 300
f 21 68 343
f 21 343 301
f 343 300 534
f 343 534 577
f 300 301 535
f 300 535 534
f 301 343 577
f 301 577 535
f 577 534 768
f 577 768 811
f 534 535 769
f 534 769 768
f 535 577 811
f 535 811 769
f 68 21 72
f 68 21 301
f 68 301 343
f 21 72 347
f 21 347 301
f 72 68 343
f 72 343 347
f 343 301 535
f 343 535 577
f 301 347 581
f 301 581 535
f 347 343 577
f 347 577 581
f 577 535 769
f 577 769 811
f 535 581 815
f 535 815 769
f 581 577 811
f 581 811 815
f 70 23 24
f 70 23 303
f 70 303 345
f 23 24 304
f 23 304 303
f 24 70 345
f 24 345 304
f 345 303 537
f 345 537 579
f 303 304 538
f 303 538 537
f 304 345 579
f 304 579 538
f 579 537 771
f 579 771 813
f 537 538 772
f 537 772 771
f 538 579 813
f 538 813 772
f 70 24 74
f 70 24 304
f 70 304 345
f 24 74 349
f 24 349 304
f 74 70 345
f 74 345 349
f 345 304 538
f 345 538 579
f 304 349 583
f 304 583 538
f 349 345 579
f 349 579 583
f 579 538 772
f 579 772 813
f 538 583 817
f 538 817 772
f 583 579 813
f 583 813 817
f 58 30 31
f 58 30 310
f 58 310 333
f 30 31 311
f 30 311 310
f 31 58 333
f 31 333 311
f 333 310 544
f 333 544 567
f 310 311 545
f 310 545 544
f 311 333 567
f 311 567 545
f 567 544 778
f 567 778 801
f 544 545 779
f 544 779 778
f 545 567 801
f 545 801 779
f 58 31 57
f 58 31 311
f 58 311 333
f 31 57 332
f 31 332 311
f 57 58 333
f 57 333 332
f 333 311 545
f 333 545 567
f 311 332 566
f 311 566 545
f 332 333 567
f 332 567 566
f 567 545 779
f 567 779 801
f 545 566 800
f 545 800 779
f 566 567 801
f 566 801 800
f 64 37 27
f 64 37 317
f 64 317 339
f 37 27 307
f 37 307 317
f 27 64 339
f 27 339 307
f 339 317 551
f 339 551 573
f 317 307 541
f 317 541 551
f 307 339 573
f 307 573 541
f 573 551 785
f 573 785 807
f 551 541 775
f 551 775 785
f 541 573 807
f 541 807 775
f 64 27 59
f 64 27 307
f 64 307 339
f 27 59 334
f 27 334 307
f 59 64 339
f 59 339 334
f 339 307 541
f 339 541 573
f 307 334 568
f 307 568 541
f 334 339 573
f 334 573 568
f 573 541 775
f 573 775 807
f 541 568 802
f 541 802 775
f 568 573 807
f 568 807 802
f 61 29 30
f 61 29 309
f 61 309 336
f 29 30 310
f 29 310 309
f 30 61 336
f 30 336 310
f 336 309 543
f 336 543 570
f 309 310 544
f 309 544 543
f 310 336 570
f 310 570 544
f 570 543 777
f 570 777 804
f 543 544 778
f 543 778 777
f 544 570 804
f 544 804 778
f 61 30 58
f 61 30 310
f 61 310 336
f 30 58 333
f 30 333 310
f 58 61 336
f 58 336 333
f 336 310 544
f 336 544 570
f 310 333 567
f 310 567 544
f 333 336 570
f 333 570 567
f 570 544 778
f 570 778 804
f 544 567 801
f 544 801 778
f 567 570 804
f 567 804 801
f 62 28 29
f 62 28 308
f 62 308 337
f 28 29 309
f 28 309 308
f 29 62 337
f 29 337 309
f 337 308 542
f 337 542 571
f 308 309 543
f 308 543 542
f 309 337 571
f 309 571 543
f 571 542 776
f 571 776 805
f 542 543 777
f 542 777 776
f 543 571 805
f 543 805 777
f 62 29 61
f 62 29 309
f 62 309 337
f 29 61 336
f 29 336 309
f 61 62 337
f 61 337 336
f 337 309 543
f 337 543 571
f 309 336 570
f 309 570 543
f 336 337 571
f 336 571 570
f 571 543 777
f 571 777 805
f 543 570 804
f 543 804 777
f 570 571 805
f 570 805 804
f 65 40 32
f 65 40 318
f 65 318 340
f 40 32 312
f 40 312 318
f 32 65 340
f 32 340 312
f 340 318 552
f 340 552 574
f 318 312 546
f 318 546 552
f 312 340 574
f 312 574 546
f 574 552 786
f 574 786 808
f 552 546 780
f 552 780 786
f 546 574 808
f 546 808 780
f 65 32 63
f 65 32 312
f 65 312 340
f 32 63 338
f 32 338 312
f 63 65 340
f 63 340 338
f 340 312 546
f 340 546 574
f 312 338 572
f 312 572 546
f 338 340 574
f 338 574 572
f 574 546 780
f 574 780 808
f 546 572 806
f 546 806 780
f 572 574 808
f 572 808 806
f 59 27 28
f 59 27 307
f 59 307 334
f 27 28 308
f 27 308 307
f 28 59 334
f 28 334 308
f 334 307 541
f 334 541 568
f 307 308 542
f 307 542 541
f 308 334 568
f 308 568 542
f 568 541 775
f 568 775 802
f 541 542 776
f 541 776 775
f 542 568 802
f 542 802 776
f 59 28 62
f 59 28 308
f 59 308 334
f 28 62 337
f 28 337 308
f 62 59 334
f 62 334 337
f 334 308 542
f 334 542 568
f 308 337 571
f 308 571 542
f 337 334 568
f 337 568 571
f 568 542 776
f 568 776 802
f 542 571 805
f 542 805 776
f 571 568 802
f 571 802 805
f 45 11 10
f 45 10 42
f 51 50 7
f 51 50 326
f 51 326 327
f 50 7 289
f 50 289 326
f 7 51 327
f 7 327 289
f 327 326 560
f 327 560 561
f 326 289 523
f 326 523 560
f 289 327 561
f 289 561 523
f 561 560 794
f 561 794 795
f 560 523 757
f 560 757 794
f 523 561 795
f 523 795 757
f 51 7 33
f 51 7 289
f 51 289 327
f 7 33 313
f 7 313 289
f 33 51 327
f 33 327 313
f 327 289 523
f 327 523 561
f 289 313 547
f 289 547 523
f 313 327 561
f 313 561 547
f 561 523 757
f 561 757 795
f 523 547 781
f 523 781 757
f 547 561 795
f 547 795 781
f 69 19 36
f 69 19 299
f 69 299 344
f 19 36 316
f 19 316 299
f 36 69 344
f 36 344 316
f 344 299 533
f 344 533 578
f 299 316 550
f 299 550 533
f 316 344 578
f 316 578 550
f 578 533 767
f 578 767 812
f 533 550 784
f 533 784 767
f 550 578 812
f 550 812 784
f 69 36 75
f 69 36 316
f 69 316 344
f 36 75 350
f 36 350 316
f 75 69 344
f 75 344 350
f 344 316 550
f 344 550 578
f 316 350 584
f 316 584 550
f 350 344 578
f 350 578 584
f 578 550 784
f 578 784 812
f 550 584 818
f 550 818 784
f 584 578 812
f 584 812 818
f 60 26 37
f 60 26 306
f 60 306 335
f 26 37 317
f 26 317 306
f 37 60 335
f 37 335 317
f 335 306 540
f 335 540 569
f 306 317 551
f 306 551 540
f 317 335 569
f 317 569 551
f 569 540 774
f 569 774 803
f 540 551 785
f 540 785 774
f 551 569 803
f 551 803 785
f 60 37 64
f 60 37 317
f 60 317 335
f 37 64 339
f 37 339 317
f 64 60 335
f 64 335 339
f 335 317 551
f 335 551 569
f 317 339 573
f 317 573 551
f 339 335 569
f 339 569 573
f 569 551 785
f 569 785 803
f 551 573 807
f 551 807 785
f 573 569 803
f 573 803 807
f 10 8 43
f 10 8 290
f 10 290 292
f 8 43 321
f 8 321 290
f 43 10 292
f 43 292 321
f 292 290 524
f 292 524 526
f 290 321 555
f 290 555 524
f 321 292 526
f 321 526 555
f 526 524 758
f 526 758 760
f 524 555 789
f 524 789 758
f 555 526 760
f 555 760 789
f 10 43 42
f 10 43 321
f 10 321 292
f 43 42 320
f 43 320 321
f 42 10 292
f 42 292 320
f 292 321 555
f 292 555 526
f 321 320 554
f 321 554 555
f 320 292 526
f 320 526 554
f 526 555 789
f 526 789 760
f 555 554 788
f 555 788 789
f 554 526 760
f 554 760 788
f 66 49 40
f 66 49 325
f 66 325 341
f 49 40 318
f 49 318 325
f 40 66 341
f 40 341 318
f 341 325 559
f 341 559 575
f 325 318 552
f 325 552 559
f 318 341 575
f 318 575 552
f 575 559 793
f 575 793 809
f 559 552 786
f 559 786 793
f 552 575 809
f 552 809 786
f 66 40 65
f 66 40 318
f 66 318 341
f 40 65 340
f 40 340 318
f 65 66 341
f 65 341 340
f 341 318 552
f 341 552 575
f 318 340 574
f 318 574 552
f 340 341 575
f 340 575 574
f 575 552 786
f 575 786 809
f 552 574 808
f 552 808 786
f 574 575 809
f 574 809 808
f 39 38 11
f 39 11 45
f 77 47 41
f 77 47 323
f 77 323 352
f 47 41 319
f 47 319 323
f 41 77 352
f 41 352 319
f 352 323 557
f 352 557 586
f 323 319 553
f 323 553 557
f 319 352 586
f 319 586 553
f 586 557 791
f 586 791 820
f 557 553 787
f 557 787 791
f 553 586 820
f 553 820 787
f 77 41 76
f 77 41 319
f 77 319 352
f 41 76 351
f 41 351 319
f 76 77 352
f 76 352 351
f 352 319 553
f 352 553 586
f 319 351 585
f 319 585 553
f 351 352 586
f 351 586 585
f 586 553 787
f 586 787 820
f 553 585 819
f 553 819 787
f 585 586 820
f 585 820 819
f 46 45 42
f 46 42 51
f 67 5 19
f 67 5 287
f 67 287 342
f 5 19 299
f 5 299 287
f 19 67 342
f 19 342 299
f 342 287 521
f 342 521 576
f 287 299 533
f 287 533 521
f 299 342 576
f 299 576 533
f 576 521 755
f 576 755 810
f 521 533 767
f 521 767 755
f 533 576 810
f 533 810 767
f 67 19 69
f 67 19 299
f 67 299 342
f 19 69 344
f 19 344 299
f 69 67 342
f 69 342 344
f 342 299 533
f 342 533 576
f 299 344 578
f 299 578 533
f 344 342 576
f 344 576 578
f 576 533 767
f 576 767 810
f 533 578 812
f 533 812 767
f 578 576 810
f 578 810 812
f 36 64 59
f 36 64 339
f 36 339 316
f 64 59 334
f 64 334 339
f 59 36 316
f 59 316 334
f 316 339 573
f 316 573 550
f 339 334 568
f 339 568 573
f 334 316 550
f 334 550 568
f 550 573 807
f 550 807 784
f 573 568 802
f 573 802 807
f 568 550 784
f 568 784 802
f 36 59 20
f 36 59 334
f 36 334 316
f 59 20 300
f 59 300 334
f 20 36 316
f 20 316 300
f 316 334 568
f 316 568 550
f 334 300 534
f 334 534 568
f 300 316 550
f 300 550 534
f 550 568 802
f 550 802 784
f 568 534 768
f 568 768 802
f 534 550 784
f 534 784 768
f 42 43 50
f 42 43 321
f 42 321 320
f 43 50 326
f 43 326 321
f 50 42 320
f 50 320 326
f 320 321 555
f 320 555 554
f 321 326 560
f 321 560 555
f 326 320 554
f 326 554 560
f 554 555 789
f 554 789 788
f 555 560 794
f 555 794 789
f 560 554 788
f 560 788 794
f 42 50 51
f 42 50 326
f 42 326 320
f 50 51 327
f 50 327 326
f 51 42 320
f 51 320 327
f 320 326 560
f 320 560 554
f 326 327 561
f 326 561 560
f 327 320 554
f 327 554 561
f 554 560 794
f 554 794 788
f 560 561 795
f 560 795 794
f 561 554 788
f 561 788 795
f 45 46 52
f 45 52 39
f 57 31 49
f 57 31 311
f 57 311 332
f 31 49 325
f 31 325 311
f 49 57 332
f 49 332 325
f 332 311 545
f 332 545 566
f 311 325 559
f 311 559 545
f 325 332 566
f 325 566 559
f 566 545 779
f 566 779 800
f 545 559 793
f 545 793 779
f 559 566 800
f 559 800 793
f 57 49 66
f 57 49 325
f 57 325 332
f 49 66 341
f 49 341 325
f 66 57 332
f 66 332 341
f 332 325 559
f 332 559 566
f 325 341 575
f 325 575 559
f 341 332 566
f 341 566 575
f 566 559 793
f 566 793 800
f 559 575 809
f 559 809 793
f 575 566 800
f 575 800 809
f 74 24 47
f 74 24 304
f 74 304 349
f 24 47 323
f 24 323 304
f 47 74 349
f 47 349 323
f 349 304 538
f 349 538 583
f 304 323 557
f 304 557 538
f 323 349 583
f 323 583 557
f 583 538 772
f 583 772 817
f 538 557 791
f 538 791 772
f 557 583 817
f 557 817 791
f 74 47 77
f 74 47 323
f 74 323 349
f 47 77 352
f 47 352 323
f 77 74 349
f 77 349 352
f 349 323 557
f 349 557 583
f 323 352 586
f 323 586 557
f 352 349 583
f 352 583 586
f 583 557 791
f 583 791 817
f 557 586 820
f 557 820 791
f 586 583 817
f 586 817 820
f 12 46 51
f 12 51 33
f 23 58 57
f 23 58 333
f 23 333 303
f 58 57 332
f 58 332 333
f 57 23 303
f 57 303 332
f 303 333 567
f 303 567 537
f 333 332 566
f 333 566 567
f 332 303 537
f 332 537 566
f 537 567 801
f 537 801 771
f 567 566 800
f 567 800 801
f 566 537 771
f 566 771 800
f 23 57 24
f 23 57 332
f 23 332 303
f 57 24 304
f 57 304 332
f 24 23 303
f 24 303 304
f 303 332 566
f 303 566 537
f 332 304 538
f 332 538 566
f 304 303 537
f 304 537 538
f 537 566 800
f 537 800 771
f 566 538 772
f 566 772 800
f 538 537 771
f 538 771 772
f 21 62 61
f 21 62 337
f 21 337 301
f 62 61 336
f 62 336 337
f 61 21 301
f 61 301 336
f 301 337 571
f 301 571 535
f 337 336 570
f 337 570 571
f 336 301 535
f 336 535 570
f 535 571 805
f 535 805 769
f 571 570 804
f 571 804 805
f 570 535 769
f 570 769 804
f 21 61 22
f 21 61 336
f 21 336 301
f 61 22 302
f 61 302 336
f 22 21 301
f 22 301 302
f 301 336 570
f 301 570 535
f 336 302 536
f 336 536 570
f 302 301 535
f 302 535 536
f 535 570 804
f 535 804 769
f 570 536 770
f 570 770 804
f 536 535 769
f 536 769 770
f 41 65 63
f 41 65 340
f 41 340 319
f 65 63 338
f 65 338 340
f 63 41 319
f 63 319 338
f 319 340 574
f 319 574 553
f 340 338 572
f 340 572 574
f 338 319 553
f 338 553 572
f 553 574 808
f 553 808 787
f 574 572 806
f 574 806 808
f 572 553 787
f 572 787 806
f 41 63 25
f 41 63 338
f 41 338 319
f 63 25 305
f 63 305 338
f 25 41 319
f 25 319 305
f 319 338 572
f 319 572 553
f 338 305 539
f 338 539 572
f 305 319 553
f 305 553 539
f 553 572 806
f 553 806 787
f 572 539 773
f 572 773 806
f 539 553 787
f 539 787 773
f 20 59 62
f 20 59 334
f 20 334 300
f 59 62 337
f 59 337 334
f 62 20 300
f 62 300 337
f 300 334 568
f 300 568 534
f 334 337 571
f 334 571 568
f 337 300 534
f 337 534 571
f 534 568 802
f 534 802 768
f 568 571 805
f 568 805 802
f 571 534 768
f 571 768 805
f 20 62 21
f 20 62 337
f 20 337 300
f 62 21 301
f 62 301 337
f 21 20 300
f 21 300 301
f 300 337 571
f 300 571 534
f 337 301 535
f 337 535 571
f 301 300 534
f 301 534 535
f 534 571 805
f 534 805 768
f 571 535 769
f 571 769 805
f 535 534 768
f 535 768 769
f 19 60 64
f 19 60 335
f 19 335 299
f 60 64 339
f 60 339 335
f 64 19 299
f 64 299 339
f 299 335 569
f 299 569 533
f 335 339 573
f 335 573 569
f 339 299 533
f 339 533 573
f 533 569 803
f 533 803 767
f 569 573 807
f 569 807 803
f 573 533 767
f 573 767 807
f 19 64 36
f 19 64 339
f 19 339 299
f 64 36 316
f 64 316 339
f 36 19 299
f 36 299 316
f 299 339 573
f 299 573 533
f 339 316 550
f 339 550 573
f 316 299 533
f 316 533 550
f 533 573 807
f 533 807 767
f 573 550 784
f 573 784 807
f 550 533 767
f 550 767 784
f 47 66 65
f 47 66 341
f 47 341 323
f 66 65 340
f 66 340 341
f 65 47 323
f 65 323 340
f 323 341 575
f 323 575 557
f 341 340 574
f 341 574 575
f 340 323 557
f 340 557 574
f 557 575 809
f 557 809 791
f 575 574 808
f 575 808 809
f 574 557 791
f 574 791 808
f 47 65 41
f 47 65 340
f 47 340 323
f 65 41 319
f 65 319 340
f 41 47 323
f 41 323 319
f 323 340 574
f 323 574 557
f 340 319 553
f 340 553 574
f 319 323 557
f 319 557 553
f 557 574 808
f 557 808 791
f 574 553 787
f 574 787 808
f 553 557 791
f 553 791 787
f 24 57 66
f 24 57 332
f 24 332 304
f 57 66 341
f 57 341 332
f 66 24 304
f 66 304 341
f 304 332 566
f 304 566 538
f 332 341 575
f 332 575 566
f 341 304 538
f 341 538 575
f 538 566 800
f 538 800 772
f 566 575 809
f 566 809 800
f 575 538 772
f 575 772 809
f 24 66 47
f 24 66 341
f 24 341 304
f 66 47 323
f 66 323 341
f 47 24 304
f 47 304 323
f 304 341 575
f 304 575 538
f 341 323 557
f 341 557 575
f 323 304 538
f 323 538 557
f 538 575 809
f 538 809 772
f 575 557 791
f 575 791 809
f 557 538 772
f 557 772 791
f 60 19 5
f 60 19 299
f 60 299 335
f 19 5 287
f 19 287 299
f 5 60 335
f 5 335 287
f 335 299 533
f 335 533 569
f 299 287 521
f 299 521 533
f 287 335 569
f 287 569 521
f 569 533 767
f 569 767 803
f 533 521 755
f 533 755 767
f 521 569 803
f 521 803 755
f 79 84 82
f 79 84 359
f 79 359 354
f 84 82 357
f 84 357 359
f 82 79 354
f 82 354 357
f 354 359 593
f 354 593 588
f 359 357 591
f 359 591 593
f 357 354 588
f 357 588 591
f 588 593 827
f 588 827 822
f 593 591 825
f 593 825 827
f 591 588 822
f 591 822 825
f 79 82 78
f 79 82 357
f 79 357 354
f 82 78 353
f 82 353 357
f 78 79 354
f 78 354 353
f 354 357 591
f 354 591 588
f 357 353 587
f 357 587 591
f 353 354 588
f 353 588 587
f 588 591 825
f 588 825 822
f 591 587 821
f 591 821 825
f 587 588 822
f 587 822 821
f 78 82 83
f 78 82 357
f 78 357 353
f 82 83 358
f 82 358 357
f 83 78 353
f 83 353 358
f 353 357 591
f 353 591 587
f 357 358 592
f 357 592 591
f 358 353 587
f 358 587 592
f 587 591 825
f 587 825 821
f 591 592 826
f 591 826 825
f 592 587 821
f 592 821 826
f 35 69 75
f 35 69 344
f 35 344 315
f 69 75 350
f 69 350 344
f 75 35 315
f 75 315 350
f 315 344 578
f 315 578 549
f 344 350 584
f 344 584 578
f 350 315 549
f 350 549 584
f 549 578 812
f 549 812 783
f 578 584 818
f 578 818 812
f 584 549 783
f 584 783 818
f 75 68 13
f 75 68 343
f 75 343 350
f 68 13 293
f 68 293 343
f 13 75 350
f 13 350 293
f 350 343 577
f 350 577 584
f 343 293 527
f 343 527 577
f 293 350 584
f 293 584 527
f 584 577 811
f 584 811 818
f 577 527 761
f 577 761 811
f 527 584 818
f 527 818 761
f 75 13 35
f 75 13 293
f 75 293 350
f 13 35 315
f 13 315 293
f 35 75 350
f 35 350 315
f 350 293 527
f 350 527 584
f 293 315 549
f 293 549 527
f 315 350 584
f 315 584 549
f 584 527 761
f 584 761 818
f 527 549 783
f 527 783 761
f 549 584 818
f 549 818 783
f 68 72 14
f 68 72 347
f 68 347 343
f 72 14 294
f 72 294 347
f 14 68 343
f 14 343 294
f 343 347 581
f 343 581 577
f 347 294 528
f 347 528 581
f 294 343 577
f 294 577 528
f 577 581 815
f 577 815 811
f 581 528 762
f 581 762 815
f 528 577 811
f 528 811 762
f 68 14 13
f 68 14 294
f 68 294 343
f 14 13 293
f 14 293 294
f 13 68 343
f 13 343 293
f 343 294 528
f 343 528 577
f 294 293 527
f 294 527 528
f 293 343 577
f 293 577 527
f 577 528 762
f 577 762 811
f 528 527 761
f 528 761 762
f 527 577 811
f 527 811 761
f 53 4 34
f 53 4 286
f 53 286 328
f 4 34 314
f 4 314 286
f 34 53 328
f 34 328 314
f 328 286 520
f 328 520 562
f 286 314 548
f 286 548 520
f 314 328 562
f 314 562 548
f 562 520 754
f 562 754 796
f 520 548 782
f 520 782 754
f 548 562 796
f 548 796 782
f 53 34 6
f 53 34 314
f 53 314 328
f 34 6 288
f 34 288 314
f 6 53 328
f 6 328 288
f 328 314 548
f 328 548 562
f 314 288 522
f 314 522 548
f 288 328 562
f 288 562 522
f 562 548 782
f 562 782 796
f 548 522 756
f 548 756 782
f 522 562 796
f 522 796 756
f 1 53 6
f 1 53 328
f 1 328 283
f 53 6 288
f 53 288 328
f 6 1 283
f 6 283 288
f 283 328 562
f 283 562 517
f 328 288 522
f 328 522 562
f 288 283 517
f 288 517 522
f 517 562 796
f 517 796 751
f 562 522 756
f 562 756 796
f 522 517 751
f 522 751 756
f 1 6 9
f 1 6 288
f 1 288 283
f 6 9 291
f 6 291 288
f 9 1 283
f 9 283 291
f 283 288 522
f 283 522 517
f 288 291 525
f 288 525 522
f 291 283 517
f 291 517 525
f 517 522 756
f 517 756 751
f 522 525 759
f 522 759 756
f 525 517 751
f 525 751 759
f 2 1 9
f 2 1 283
f 2 283 284
f 1 9 291
f 1 291 283
f 9 2 284
f 9 284 291
f 284 283 517
f 284 517 518
f 283 291 525
f 283 525 517
f 291 284 518
f 291 518 525
f 518 517 751
f 518 751 752
f 517 525 759
f 517 759 751
f 525 518 752
f 525 752 759
f 2 9 7
f 2 9 291
f 2 291 284
f 9 7 289
f 9 289 291
f 7 2 284
f 7 284 289
f 284 291 525
f 284 525 518
f 291 289 523
f 291 523 525
f 289 284 518
f 289 518 523
f 518 525 759
f 518 759 752
f 525 523 757
f 525 757 759
f 523 518 752
f 523 752 757
f 56 2 7
f 56 2 284
f 56 284 331
f 2 7 289
f 2 289 284
f 7 56 331
f 7 331 289
f 331 284 518
f 331 518 565
f 284 289 523
f 284 523 518
f 289 331 565
f 289 565 523
f 565 518 752
f 565 752 799
f 518 523 757
f 518 757 752
f 523 565 799
f 523 799 757
f 56 7 50
f 56 7 289
f 56 289 331
f 7 50 326
f 7 326 289
f 50 56 331
f 50 331 326
f 331 289 523
f 331 523 565
f 289 326 560
f 289 560 523
f 326 331 565
f 326 565 560
f 565 523 757
f 565 757 799
f 523 560 794
f 523 794 757
f 560 565 799
f 560 799 794
f 55 56 50
f 55 56 331
f 55 331 330
f 56 50 326
f 56 326 331
f 50 55 330
f 50 330 326
f 330 331 565
f 330 565 564
f 331 326 560
f 331 560 565
f 326 330 564
f 326 564 560
f 564 565 799
f 564 799 798
f 565 560 794
f 565 794 799
f 560 564 798
f 560 798 794
f 55 50 43
f 55 50 326
f 55 326 330
f 50 43 321
f 50 321 326
f 43 55 330
f 43 330 321
f 330 326 560
f 330 560 564
f 326 321 555
f 326 555 560
f 321 330 564
f 321 564 555
f 564 560 794
f 564 794 798
f 560 555 789
f 560 789 794
f 555 564 798
f 555 798 789
f 54 55 43
f 54 55 330
f 54 330 329
f 55 43 321
f 55 321 330
f 43 54 329
f 43 329 321
f 329 330 564
f 329 564 563
f 330 321 555
f 330 555 564
f 321 329 563
f 321 563 555
f 563 564 798
f 563 798 797
f 564 555 789
f 564 789 798
f 555 563 797
f 555 797 789
f 54 43 8
f 54 43 321
f 54 321 329
f 43 8 290
f 43 290 321
f 8 54 329
f 8 329 290
f 329 321 555
f 329 555 563
f 321 290 524
f 321 524 555
f 290 329 563
f 290 563 524
f 563 555 789
f 563 789 797
f 555 524 758
f 555 758 789
f 524 563 797
f 524 797 758
f 72 71 15
f 72 71 346
f 72 346 347
f 71 15 295
f 71 295 346
f 15 72 347
f 15 347 295
f 347 346 580
f 347 580 581
f 346 295 529
f 346 529 580
f 295 347 581
f 295 581 529
f 581 580 814
f 581 814 815
f 580 529 763
f 580 763 814
f 529 581 815
f 529 815 763
f 72 15 14
f 72 15 295
f 72 295 347
f 15 14 294
f 15 294 295
f 14 72 347
f 14 347 294
f 347 295 529
f 347 529 581
f 295 294 528
f 295 528 529
f 294 347 581
f 294 581 528
f 581 529 763
f 581 763 815
f 529 528 762
f 529 762 763
f 528 581 815
f 528 815 762
f 71 70 16
f 71 70 345
f 71 345 346
f 70 16 296
f 70 296 345
f 16 71 346
f 16 346 296
f 346 345 579
f 346 579 580
f 345 296 530
f 345 530 579
f 296 346 580
f 296 580 530
f 580 579 813
f 580 813 814
f 579 530 764
f 579 764 813
f 530 580 814
f 530 814 764
f 71 16 15
f 71 16 296
f 71 296 346
f 16 15 295
f 16 295 296
f 15 71 346
f 15 346 295
f 346 296 530
f 346 530 580
f 296 295 529
f 296 529 530
f 295 346 580
f 295 580 529
f 580 530 764
f 580 764 814
f 530 529 763
f 530 763 764
f 529 580 814
f 529 814 763
f 70 74 17
f 70 74 349
f 70 349 345
f 74 17 297
f 74 297 349
f 17 70 345
f 17 345 297
f 345 349 583
f 345 583 579
f 349 297 531
f 349 531 583
f 297 345 579
f 297 579 531
f 579 583 817
f 579 817 813
f 583 531 765
f 583 765 817
f 531 579 813
f 531 813 765
f 70 17 16
f 70 17 297
f 70 297 345
f 17 16 296
f 17 296 297
f 16 70 345
f 16 345 296
f 345 297 531
f 345 531 579
f 297 296 530
f 297 530 531
f 296 345 579
f 296 579 530
f 579 531 765
f 579 765 813
f 531 530 764
f 531 764 765
f 530 579 813
f 530 813 764
f 48 17 74
f 48 17 297
f 48 297 324
f 17 74 349
f 17 349 297
f 74 48 324
f 74 324 349
f 324 297 531
f 324 531 558
f 297 349 583
f 297 583 531
f 349 324 558
f 349 558 583
f 558 531 765
f 558 765 792
f 531 583 817
f 531 817 765
f 583 558 792
f 583 792 817
f 48 74 77
f 48 74 349
f 48 349 324
f 74 77 352
f 74 352 349
f 77 48 324
f 77 324 352
f 324 349 583
f 324 583 558
f 349 352 586
f 349 586 583
f 352 324 558
f 352 558 586
f 558 583 817
f 558 817 792
f 583 586 820
f 583 820 817
f 586 558 792
f 586 792 820
f 77 76 44
f 77 76 351
f 77 351 352
f 76 44 322
f 76 322 351
f 44 77 352
f 44 352 322
f 352 351 585
f 352 585 586
f 351 322 556
f 351 556 585
f 322 352 586
f 322 586 556
f 586 585 819
f 586 819 820
f 585 556 790
f 585 790 819
f 556 586 820
f 556 820 790
f 77 44 48
f 77 44 322
f 77 322 352
f 44 48 324
f 44 324 322
f 48 77 352
f 48 352 324
f 352 322 556
f 352 556 586
f 322 324 558
f 322 558 556
f 324 352 586
f 324 586 558
f 586 556 790
f 586 790 820
f 556 558 792
f 556 792 790
f 558 586 820
f 558 820 792
f 76 73 18
f 76 73 348
f 76 348 351
f 73 18 298
f 73 298 348
f 18 76 351
f 18 351 298
f 351 348 582
f 351 582 585
f 348 298 532
f 348 532 582
f 298 351 585
f 298 585 532
f 585 582 816
f 585 816 819
f 582 532 766
f 582 766 816
f 532 585 819
f 532 819 766
f 76 18 44
f 76 18 298
f 76 298 351
f 18 44 322
f 18 322 298
f 44 76 351
f 44 351 322
f 351 298 532
f 351 532 585
f 298 322 556
f 298 556 532
f 322 351 585
f 322 585 556
f 585 532 766
f 585 766 819
f 532 556 790
f 532 790 766
f 556 585 819
f 556 819 790
f 92 91 111
f 92 91 366
f 92 366 367
f 91 111 385
f 91 385 366
f 111 92 367
f 111 367 385
f 367 366 600
f 367 600 601
f 366 385 619
f 366 619 600
f 385 367 601
f 385 601 619
f 601 600 834
f 601 834 835
f 600 619 853
f 600 853 834
f 619 601 835
f 619 835 853
f 110 126 132
f 110 126 397
f 110 397 384
f 126 132 402
f 126 402 397
f 132 110 384
f 132 384 402
f 384 397 631
f 384 631 618
f 397 402 636
f 397 636 631
f 402 384 618
f 402 618 636
f 618 631 865
f 618 865 852
f 631 636 870
f 631 870 865
f 636 618 852
f 636 852 870
f 110 132 86
f 110 132 402
f 110 402 384
f 132 86 361
f 132 361 402
f 86 110 384
f 86 384 361
f 384 402 636
f 384 636 618
f 402 361 595
f 402 595 636
f 361 384 618
f 361 618 595
f 618 636 870
f 618 870 852
f 636 595 829
f 636 829 870
f 595 618 852
f 595 852 829
f 126 117 131
f 126 117 390
f 126 390 397
f 117 131 401
f 117 401 390
f 131 126 397
f 131 397 401
f 397 390 624
f 397 624 631
f 390 401 635
f 390 635 624
f 401 397 631
f 401 631 635
f 631 624 858
f 631 858 865
f 624 635 869
f 624 869 858
f 635 631 865
f 635 865 869
f 126 131 132
f 126 131 401
f 126 401 397
f 131 132 402
f 131 402 401
f 132 126 397
f 132 397 402
f 397 401 635
f 397 635 631
f 401 402 636
f 401 636 635
f 402 397 631
f 402 631 636
f 631 635 869
f 631 869 865
f 635 636 870
f 635 870 869
f 636 631 865
f 636 865 870
f 108 109 85
f 108 109 383
f 108 383 382
f 109 85 360
f 109 360 383
f 85 108 382
f 85 382 360
f 382 383 617
f 382 617 616
f 383 360 594
f 383 594 617
f 360 382 616
f 360 616 594
f 616 617 851
f 616 851 850
f 617 594 828
f 617 828 851
f 594 616 850
f 594 850 828
f 108 85 130
f 108 85 360
f 108 360 382
f 85 130 400
f 85 400 360
f 130 108 382
f 130 382 400
f 382 360 594
f 382 594 616
f 360 400 634
f 360 634 594
f 400 382 616
f 400 616 634
f 616 594 828
f 616 828 850
f 594 634 868
f 594 868 828
f 634 616 850
f 634 850 868
f 115 106 87
f 115 106 380
f 115 380 389
f 106 87 362
f 106 362 380
f 87 115 389
f 87 389 362
f 389 380 614
f 389 614 623
f 380 362 596
f 380 596 614
f 362 389 623
f 362 623 596
f 623 614 848
f 623 848 857
f 614 596 830
f 614 830 848
f 596 623 857
f 596 857 830
f 109 110 86
f 109 110 384
f 109 384 383
f 110 86 361
f 110 361 384
f 86 109 383
f 86 383 361
f 383 384 618
f 383 618 617
f 384 361 595
f 384 595 618
f 361 383 617
f 361 617 595
f 617 618 852
f 617 852 851
f 618 595 829
f 618 829 852
f 595 617 851
f 595 851 829
f 109 86 85
f 109 86 361
f 109 361 383
f 86 85 360
f 86 360 361
f 85 109 383
f 85 383 360
f 383 361 595
f 383 595 617
f 361 360 594
f 361 594 595
f 360 383 617
f 360 617 594
f 617 595 829
f 617 829 851
f 595 594 828
f 595 828 829
f 594 617 851
f 594 851 828
f 106 107 88
f 106 107 381
f 106 381 380
f 107 88 363
f 107 363 381
f 88 106 380
f 88 380 363
f 380 381 615
f 380 615 614
f 381 363 597
f 381 597 615
f 363 380 614
f 363 614 597
f 614 615 849
f 614 849 848
f 615 597 831
f 615 831 849
f 597 614 848
f 597 848 831
f 106 88 87
f 106 88 363
f 106 363 380
f 88 87 362
f 88 362 363
f 87 106 380
f 87 380 362
f 380 363 597
f 380 597 614
f 363 362 596
f 363 596 597
f 362 380 614
f 362 614 596
f 614 597 831
f 614 831 848
f 597 596 830
f 597 830 831
f 596 614 848
f 596 848 830
f 117 32 54
f 117 32 312
f 117 312 390
f 32 54 329
f 32 329 312
f 54 117 390
f 54 390 329
f 390 312 546
f 390 546 624
f 312 329 563
f 312 563 546
f 329 390 624
f 329 624 563
f 624 546 780
f 624 780 858
f 546 563 797
f 546 797 780
f 563 624 858
f 563 858 797
f 117 54 131
f 117 54 329
f 117 329 390
f 54 131 401
f 54 401 329
f 131 117 390
f 131 390 401
f 390 329 563
f 390 563 624
f 329 401 635
f 329 635 563
f 401 390 624
f 401 624 635
f 624 563 797
f 624 797 858
f 563 635 869
f 563 869 797
f 635 624 858
f 635 858 869
f 107 108 130
f 107 108 382
f 107 382 381
f 108 130 400
f 108 400 382
f 130 107 381
f 130 381 400
f 381 382 616
f 381 616 615
f 382 400 634
f 382 634 616
f 400 381 615
f 400 615 634
f 615 616 850
f 615 850 849
f 616 634 868
f 616 868 850
f 634 615 849
f 634 849 868
f 107 130 88
f 107 130 400
f 107 400 381
f 130 88 363
f 130 363 400
f 88 107 381
f 88 381 363
f 381 400 634
f 381 634 615
f 400 363 597
f 400 597 634
f 363 381 615
f 363 615 597
f 615 634 868
f 615 868 849
f 634 597 831
f 634 831 868
f 597 615 849
f 597 849 831
f 102 103 134
f 102 103 377
f 102 377 376
f 103 134 404
f 103 404 377
f 134 102 376
f 134 376 404
f 376 377 611
f 376 611 610
f 377 404 638
f 377 638 611
f 404 376 610
f 404 610 638
f 610 611 845
f 610 845 844
f 611 638 872
f 611 872 845
f 638 610 844
f 638 844 872
f 102 134 137
f 102 134 404
f 102 404 376
f 134 137 407
f 134 407 404
f 137 102 376
f 137 376 407
f 376 404 638
f 376 638 610
f 404 407 641
f 404 641 638
f 407 376 610
f 407 610 641
f 610 638 872
f 610 872 844
f 638 641 875
f 638 875 872
f 641 610 844
f 641 844 875
f 149 143 100
f 149 143 413
f 149 413 419
f 143 100 374
f 143 374 413
f 100 149 419
f 100 419 374
f 419 413 647
f 419 647 653
f 413 374 608
f 413 608 647
f 374 419 653
f 374 653 608
f 653 647 881
f 653 881 887
f 647 608 842
f 647 842 881
f 608 653 887
f 608 887 842
f 149 100 114
f 149 100 374
f 149 374 419
f 100 114 388
f 100 388 374
f 114 149 419
f 114 419 388
f 419 374 608
f 419 608 653
f 374 388 622
f 374 622 608
f 388 419 653
f 388 653 622
f 653 608 842
f 653 842 887
f 608 622 856
f 608 856 842
f 622 653 887
f 622 887 856
f 146 145 103
f 146 145 415
f 146 415 416
f 145 103 377
f 145 377 415
f 103 146 416
f 103 416 377
f 416 415 649
f 416 649 650
f 415 377 611
f 415 611 649
f 377 416 650
f 377 650 611
f 650 649 883
f 650 883 884
f 649 611 845
f 649 845 883
f 611 650 884
f 611 884 845
f 146 103 102
f 146 103 377
f 146 377 416
f 103 102 376
f 103 376 377
f 102 146 416
f 102 416 376
f 416 377 611
f 416 611 650
f 377 376 610
f 377 610 611
f 376 416 650
f 376 650 610
f 650 611 845
f 650 845 884
f 611 610 844
f 611 844 845
f 610 650 884
f 610 884 844
f 147 146 102
f 147 146 416
f 147 416 417
f 146 102 376
f 146 376 416
f 102 147 417
f 102 417 376
f 417 416 650
f 417 650 651
f 416 376 610
f 416 610 650
f 376 417 651
f 376 651 610
f 651 650 884
f 651 884 885
f 650 610 844
f 650 844 884
f 610 651 885
f 610 885 844
f 147 102 101
f 147 102 376
f 147 376 417
f 102 101 375
f 102 375 376
f 101 147 417
f 101 417 375
f 417 376 610
f 417 610 651
f 376 375 609
f 376 609 610
f 375 417 651
f 375 651 609
f 651 610 844
f 651 844 885
f 610 609 843
f 610 843 844
f 609 651 885
f 609 885 843
f 150 73 25
f 150 73 348
f 150 348 420
f 73 25 305
f 73 305 348
f 25 150 420
f 25 420 305
f 420 348 582
f 420 582 654
f 348 305 539
f 348 539 582
f 305 420 654
f 305 654 539
f 654 582 816
f 654 816 888
f 582 539 773
f 582 773 816
f 539 654 888
f 539 888 773
f 150 25 118
f 150 25 305
f 150 305 420
f 25 118 391
f 25 391 305
f 118 150 420
f 118 420 391
f 420 305 539
f 420 539 654
f 305 391 625
f 305 625 539
f 391 420 654
f 391 654 625
f 654 539 773
f 654 773 888
f 539 625 859
f 539 859 773
f 625 654 888
f 625 888 859
f 143 147 101
f 143 147 417
f 143 417 413
f 147 101 375
f 147 375 417
f 101 143 413
f 101 413 375
f 413 417 651
f 413 651 647
f 417 375 609
f 417 609 651
f 375 413 647
f 375 647 609
f 647 651 885
f 647 885 881
f 651 609 843
f 651 843 885
f 609 647 881
f 609 881 843
f 143 101 100
f 143 101 375
f 143 375 413
f 101 100 374
f 101 374 375
f 100 143 413
f 100 413 374
f 413 375 609
f 413 609 647
f 375 374 608
f 375 608 609
f 374 413 647
f 374 647 608
f 647 609 843
f 647 843 881
f 609 608 842
f 609 842 843
f 608 647 881
f 608 881 842
f 145 148 104
f 145 148 418
f 145 418 415
f 148 104 378
f 148 378 418
f 104 145 415
f 104 415 378
f 415 418 652
f 415 652 649
f 418 378 612
f 418 612 652
f 378 415 649
f 378 649 612
f 649 652 886
f 649 886 883
f 652 612 846
f 652 846 886
f 612 649 883
f 612 883 846
f 145 104 103
f 145 104 378
f 145 378 415
f 104 103 377
f 104 377 378
f 103 145 415
f 103 415 377
f 415 378 612
f 415 612 649
f 378 377 611
f 378 611 612
f 377 415 649
f 377 649 611
f 649 612 846
f 649 846 883
f 612 611 845
f 612 845 846
f 611 649 883
f 611 883 845
f 134 133 110
f 134 133 403
f 134 403 404
f 133 110 384
f 133 384 403
f 110 134 404
f 110 404 384
f 404 403 637
f 404 637 638
f 403 384 618
f 403 618 637
f 384 404 638
f 384 638 618
f 638 637 871
f 638 871 872
f 637 618 852
f 637 852 871
f 618 638 872
f 618 872 852
f 134 110 109
f 134 110 384
f 134 384 404
f 110 109 383
f 110 383 384
f 109 134 404
f 109 404 383
f 404 384 618
f 404 618 638
f 384 383 617
f 384 617 618
f 383 404 638
f 383 638 617
f 638 618 852
f 638 852 872
f 618 617 851
f 618 851 852
f 617 638 872
f 617 872 851
f 139 135 106
f 139 135 405
f 139 405 409
f 135 106 380
f 135 380 405
f 106 139 409
f 106 409 380
f 409 405 639
f 409 639 643
f 405 380 614
f 405 614 639
f 380 409 643
f 380 643 614
f 643 639 873
f 643 873 877
f 639 614 848
f 639 848 873
f 614 643 877
f 614 877 848
f 139 106 115
f 139 106 380
f 139 380 409
f 106 115 389
f 106 389 380
f 115 139 409
f 115 409 389
f 409 380 614
f 409 614 643
f 380 389 623
f 380 623 614
f 389 409 643
f 389 643 623
f 643 614 848
f 643 848 877
f 614 623 857
f 614 857 848
f 623 643 877
f 623 877 857
f 137 134 109
f 137 134 404
f 137 404 407
f 134 109 383
f 134 383 404
f 109 137 407
f 109 407 383
f 407 404 638
f 407 638 641
f 404 383 617
f 404 617 638
f 383 407 641
f 383 641 617
f 641 638 872
f 641 872 875
f 638 617 851
f 638 851 872
f 617 641 875
f 617 875 851
f 137 109 108
f 137 109 383
f 137 383 407
f 109 108 382
f 109 382 383
f 108 137 407
f 108 407 382
f 407 383 617
f 407 617 641
f 383 382 616
f 383 616 617
f 382 407 641
f 382 641 616
f 641 617 851
f 641 851 875
f 617 616 850
f 617 850 851
f 616 641 875
f 616 875 850
f 138 137 108
f 138 137 407
f 138 407 408
f 137 108 382
f 137 382 407
f 108 138 408
f 108 408 382
f 408 407 641
f 408 641 642
f 407 382 616
f 407 616 641
f 382 408 642
f 382 642 616
f 642 641 875
f 642 875 876
f 641 616 850
f 641 850 875
f 616 642 876
f 616 876 850
f 138 108 107
f 138 108 382
f 138 382 408
f 108 107 381
f 108 381 382
f 107 138 408
f 107 408 381
f 408 382 616
f 408 616 642
f 382 381 615
f 382 615 616
f 381 408 642
f 381 642 615
f 642 616 850
f 642 850 876
f 616 615 849
f 616 849 850
f 615 642 876
f 615 876 849
f 140 63 32
f 140 63 338
f 140 338 410
f 63 32 312
f 63 312 338
f 32 140 410
f 32 410 312
f 410 338 572
f 410 572 644
f 338 312 546
f 338 546 572
f 312 410 644
f 312 644 546
f 644 572 806
f 644 806 878
f 572 546 780
f 572 780 806
f 546 644 878
f 546 878 780
f 140 32 117
f 140 32 312
f 140 312 410
f 32 117 390
f 32 390 312
f 117 140 410
f 117 410 390
f 410 312 546
f 410 546 644
f 312 390 624
f 312 624 546
f 390 410 644
f 390 644 624
f 644 546 780
f 644 780 878
f 546 624 858
f 546 858 780
f 624 644 878
f 624 878 858
f 135 138 107
f 135 138 408
f 135 408 405
f 138 107 381
f 138 381 408
f 107 135 405
f 107 405 381
f 405 408 642
f 405 642 639
f 408 381 615
f 408 615 642
f 381 405 639
f 381 639 615
f 639 642 876
f 639 876 873
f 642 615 849
f 642 849 876
f 615 639 873
f 615 873 849
f 135 107 106
f 135 107 381
f 135 381 405
f 107 106 380
f 107 380 381
f 106 135 405
f 106 405 380
f 405 381 615
f 405 615 639
f 381 380 614
f 381 614 615
f 380 405 639
f 380 639 614
f 639 615 849
f 639 849 873
f 615 614 848
f 615 848 849
f 614 639 873
f 614 873 848
f 122 119 10
f 122 10 11
f 128 111 91
f 128 111 385
f 128 385 399
f 111 91 366
f 111 366 385
f 91 128 399
f 91 399 366
f 399 385 619
f 399 619 633
f 385 366 600
f 385 600 619
f 366 399 633
f 366 633 600
f 633 619 853
f 633 853 867
f 619 600 834
f 619 834 853
f 600 633 867
f 600 867 834
f 128 91 127
f 128 91 366
f 128 366 399
f 91 127 398
f 91 398 366
f 127 128 399
f 127 399 398
f 399 366 600
f 399 600 633
f 366 398 632
f 366 632 600
f 398 399 633
f 398 633 632
f 633 600 834
f 633 834 867
f 600 632 866
f 600 866 834
f 632 633 867
f 632 867 866
f 144 149 114
f 144 149 419
f 144 419 414
f 149 114 388
f 149 388 419
f 114 144 414
f 114 414 388
f 414 419 653
f 414 653 648
f 419 388 622
f 419 622 653
f 388 414 648
f 388 648 622
f 648 653 887
f 648 887 882
f 653 622 856
f 653 856 887
f 622 648 882
f 622 882 856
f 144 114 99
f 144 114 388
f 144 388 414
f 114 99 373
f 114 373 388
f 99 144 414
f 99 414 373
f 414 388 622
f 414 622 648
f 388 373 607
f 388 607 622
f 373 414 648
f 373 648 607
f 648 622 856
f 648 856 882
f 622 607 841
f 622 841 856
f 607 648 882
f 607 882 841
f 136 139 115
f 136 139 409
f 136 409 406
f 139 115 389
f 139 389 409
f 115 136 406
f 115 406 389
f 406 409 643
f 406 643 640
f 409 389 623
f 409 623 643
f 389 406 640
f 389 640 623
f 640 643 877
f 640 877 874
f 643 623 857
f 643 857 877
f 623 640 874
f 623 874 857
f 136 115 105
f 136 115 389
f 136 389 406
f 115 105 379
f 115 379 389
f 105 136 406
f 105 406 379
f 406 389 623
f 406 623 640
f 389 379 613
f 389 613 623
f 379 406 640
f 379 640 613
f 640 623 857
f 640 857 874
f 623 613 847
f 623 847 857
f 613 640 874
f 613 874 847
f 10 119 120
f 10 119 392
f 10 392 292
f 119 120 393
f 119 393 392
f 120 10 292
f 120 292 393
f 292 392 626
f 292 626 526
f 392 393 627
f 392 627 626
f 393 292 526
f 393 526 627
f 526 626 860
f 526 860 760
f 626 627 861
f 626 861 860
f 627 526 760
f 627 760 861
f 10 120 8
f 10 120 393
f 10 393 292
f 120 8 290
f 120 290 393
f 8 10 292
f 8 292 290
f 292 393 627
f 292 627 526
f 393 290 524
f 393 524 627
f 290 292 526
f 290 526 524
f 526 627 861
f 526 861 760
f 627 524 758
f 627 758 861
f 524 526 760
f 524 760 758
f 141 140 117
f 141 140 410
f 141 410 411
f 140 117 390
f 140 390 410
f 117 141 411
f 117 411 390
f 411 410 644
f 411 644 645
f 410 390 624
f 410 624 644
f 390 411 645
f 390 645 624
f 645 644 878
f 645 878 879
f 644 624 858
f 644 858 878
f 624 645 879
f 624 879 858
f 141 117 126
f 141 117 390
f 141 390 411
f 117 126 397
f 117 397 390
f 126 141 411
f 126 411 397
f 411 390 624
f 411 624 645
f 390 397 631
f 390 631 624
f 397 411 645
f 397 645 631
f 645 624 858
f 645 858 879
f 624 631 865
f 624 865 858
f 631 645 879
f 631 879 865
f 116 122 11
f 116 11 38
f 151 150 118
f 151 150 420
f 151 420 421
f 150 118 391
f 150 391 420
f 118 151 421
f 118 421 391
f 421 420 654
f 421 654 655
f 420 391 625
f 420 625 654
f 391 421 655
f 391 655 625
f 655 654 888
f 655 888 889
f 654 625 859
f 654 859 888
f 625 655 889
f 625 889 859
f 151 118 124
f 151 118 391
f 151 391 421
f 118 124 395
f 118 395 391
f 124 151 421
f 124 421 395
f 421 391 625
f 421 625 655
f 391 395 629
f 391 629 625
f 395 421 655
f 395 655 629
f 655 625 859
f 655 859 889
f 625 629 863
f 625 863 859
f 629 655 889
f 629 889 863
f 123 128 119
f 123 119 122
f 142 144 99
f 142 144 414
f 142 414 412
f 144 99 373
f 144 373 414
f 99 142 412
f 99 412 373
f 412 414 648
f 412 648 646
f 414 373 607
f 414 607 648
f 373 412 646
f 373 646 607
f 646 648 882
f 646 882 880
f 648 607 841
f 648 841 882
f 607 646 880
f 607 880 841
f 142 99 89
f 142 99 373
f 142 373 412
f 99 89 364
f 99 364 373
f 89 142 412
f 89 412 364
f 412 373 607
f 412 607 646
f 373 364 598
f 373 598 607
f 364 412 646
f 364 646 598
f 646 607 841
f 646 841 880
f 607 598 832
f 607 832 841
f 598 646 880
f 598 880 832
f 114 100 135
f 114 100 374
f 114 374 388
f 100 135 405
f 100 405 374
f 135 114 388
f 135 388 405
f 388 374 608
f 388 608 622
f 374 405 639
f 374 639 608
f 405 388 622
f 405 622 639
f 622 608 842
f 622 842 856
f 608 639 873
f 608 873 842
f 639 622 856
f 639 856 873
f 114 135 139
f 114 135 405
f 114 405 388
f 135 139 409
f 135 409 405
f 139 114 388
f 139 388 409
f 388 405 639
f 388 639 622
f 405 409 643
f 405 643 639
f 409 388 622
f 409 622 643
f 622 639 873
f 622 873 856
f 639 643 877
f 639 877 873
f 643 622 856
f 643 856 877
f 119 128 127
f 119 128 399
f 119 399 392
f 128 127 398
f 128 398 399
f 127 119 392
f 127 392 398
f 392 399 633
f 392 633 626
f 399 398 632
f 399 632 633
f 398 392 626
f 398 626 632
f 626 633 867
f 626 867 860
f 633 632 866
f 633 866 867
f 632 626 860
f 632 860 866
f 119 127 120
f 119 127 398
f 119 398 392
f 127 120 393
f 127 393 398
f 120 119 392
f 120 392 393
f 392 398 632
f 392 632 626
f 398 393 627
f 398 627 632
f 393 392 626
f 393 626 627
f 626 632 866
f 626 866 860
f 632 627 861
f 632 861 866
f 627 626 860
f 627 860 861
f 122 116 129
f 122 129 123
f 133 141 126
f 133 141 411
f 133 411 403
f 141 126 397
f 141 397 411
f 126 133 403
f 126 403 397
f 403 411 645
f 403 645 637
f 411 397 631
f 411 631 645
f 397 403 637
f 397 637 631
f 637 645 879
f 637 879 871
f 645 631 865
f 645 865 879
f 631 637 871
f 631 871 865
f 133 126 110
f 133 126 397
f 133 397 403
f 126 110 384
f 126 384 397
f 110 133 403
f 110 403 384
f 403 397 631
f 403 631 637
f 397 384 618
f 397 618 631
f 384 403 637
f 384 637 618
f 637 631 865
f 637 865 871
f 631 618 852
f 631 852 865
f 618 637 871
f 618 871 852
f 148 151 124
f 148 151 421
f 148 421 418
f 151 124 395
f 151 395 421
f 124 148 418
f 124 418 395
f 418 421 655
f 418 655 652
f 421 395 629
f 421 629 655
f 395 418 652
f 395 652 629
f 652 655 889
f 652 889 886
f 655 629 863
f 655 863 889
f 629 652 886
f 629 886 863
f 148 124 104
f 148 124 395
f 148 395 418
f 124 104 378
f 124 378 395
f 104 148 418
f 104 418 378
f 418 395 629
f 418 629 652
f 395 378 612
f 395 612 629
f 378 418 652
f 378 652 612
f 652 629 863
f 652 863 886
f 629 612 846
f 629 846 863
f 612 652 886
f 612 886 846
f 93 111 128
f 93 128 123
f 103 104 133
f 103 104 378
f 103 378 377
f 104 133 403
f 104 403 378
f 133 103 377
f 133 377 403
f 377 378 612
f 377 612 611
f 378 403 637
f 378 637 612
f 403 377 611
f 403 611 637
f 611 612 846
f 611 846 845
f 612 637 871
f 612 871 846
f 637 611 845
f 637 845 871
f 103 133 134
f 103 133 403
f 103 403 377
f 133 134 404
f 133 404 403
f 134 103 377
f 134 377 404
f 377 403 637
f 377 637 611
f 403 404 638
f 403 638 637
f 404 377 611
f 404 611 638
f 611 637 871
f 611 871 845
f 637 638 872
f 637 872 871
f 638 611 845
f 638 845 872
f 101 102 137
f 101 102 376
f 101 376 375
f 102 137 407
f 102 407 376
f 137 101 375
f 137 375 407
f 375 376 610
f 375 610 609
f 376 407 641
f 376 641 610
f 407 375 609
f 407 609 641
f 609 610 844
f 609 844 843
f 610 641 875
f 610 875 844
f 641 609 843
f 641 843 875
f 101 137 138
f 101 137 407
f 101 407 375
f 137 138 408
f 137 408 407
f 138 101 375
f 138 375 408
f 375 407 641
f 375 641 609
f 407 408 642
f 407 642 641
f 408 375 609
f 408 609 642
f 609 641 875
f 609 875 843
f 641 642 876
f 641 876 875
f 642 609 843
f 642 843 876
f 118 25 63
f 118 25 305
f 118 305 391
f 25 63 338
f 25 338 305
f 63 118 391
f 63 391 338
f 391 305 539
f 391 539 625
f 305 338 572
f 305 572 539
f 338 391 625
f 338 625 572
f 625 539 773
f 625 773 859
f 539 572 806
f 539 806 773
f 572 625 859
f 572 859 806
f 118 63 140
f 118 63 338
f 118 338 391
f 63 140 410
f 63 410 338
f 140 118 391
f 140 391 410
f 391 338 572
f 391 572 625
f 338 410 644
f 338 644 572
f 410 391 625
f 410 625 644
f 625 572 806
f 625 806 859
f 572 644 878
f 572 878 806
f 644 625 859
f 644 859 878
f 100 101 138
f 100 101 375
f 100 375 374
f 101 138 408
f 101 408 375
f 138 100 374
f 138 374 408
f 374 375 609
f 374 609 608
f 375 408 642
f 375 642 609
f 408 374 608
f 408 608 642
f 608 609 843
f 608 843 842
f 609 642 876
f 609 876 843
f 642 608 842
f 642 842 876
f 100 138 135
f 100 138 408
f 100 408 374
f 138 135 405
f 138 405 408
f 135 100 374
f 135 374 405
f 374 408 642
f 374 642 608
f 408 405 639
f 408 639 642
f 405 374 608
f 405 608 639
f 608 642 876
f 608 876 842
f 642 639 873
f 642 873 876
f 639 608 842
f 639 842 873
f 99 114 139
f 99 114 388
f 99 388 373
f 114 139 409
f 114 409 388
f 139 99 373
f 139 373 409
f 373 388 622
f 373 622 607
f 388 409 643
f 388 643 622
f 409 373 607
f 409 607 643
f 607 622 856
f 607 856 841
f 622 643 877
f 622 877 856
f 643 607 841
f 643 841 877
f 99 139 136
f 99 139 409
f 99 409 373
f 139 136 406
f 139 406 409
f 136 99 373
f 136 373 406
f 373 409 643
f 373 643 607
f 409 406 640
f 409 640 643
f 406 373 607
f 406 607 640
f 607 643 877
f 607 877 841
f 643 640 874
f 643 874 877
f 640 607 841
f 640 841 874
f 124 118 140
f 124 118 391
f 124 391 395
f 118 140 410
f 118 410 391
f 140 124 395
f 140 395 410
f 395 391 625
f 395 625 629
f 391 410 644
f 391 644 625
f 410 395 629
f 410 629 644
f 629 625 859
f 629 859 863
f 625 644 878
f 625 878 859
f 644 629 863
f 644 863 878
f 124 140 141
f 124 140 410
f 124 410 395
f 140 141 411
f 140 411 410
f 141 124 395
f 141 395 411
f 395 410 644
f 395 644 629
f 410 411 645
f 410 645 644
f 411 395 629
f 411 629 645
f 629 644 878
f 629 878 863
f 644 645 879
f 644 879 878
f 645 629 863
f 645 863 879
f 104 124 141
f 104 124 395
f 104 395 378
f 124 141 411
f 124 411 395
f 141 104 378
f 141 378 411
f 378 395 629
f 378 629 612
f 395 411 645
f 395 645 629
f 411 378 612
f 411 612 645
f 612 629 863
f 612 863 846
f 629 645 879
f 629 879 863
f 645 612 846
f 645 846 879
f 104 141 133
f 104 141 411
f 104 411 378
f 141 133 403
f 141 403 411
f 133 104 378
f 133 378 403
f 378 411 645
f 378 645 612
f 411 403 637
f 411 637 645
f 403 378 612
f 403 612 637
f 612 645 879
f 612 879 846
f 645 637 871
f 645 871 879
f 637 612 846
f 637 846 871
f 136 89 99
f 136 89 364
f 136 364 406
f 89 99 373
f 89 373 364
f 99 136 406
f 99 406 373
f 406 364 598
f 406 598 640
f 364 373 607
f 364 607 598
f 373 406 640
f 373 640 607
f 640 598 832
f 640 832 874
f 598 607 841
f 598 841 832
f 607 640 874
f 607 874 841
f 153 152 156
f 153 152 422
f 153 422 423
f 152 156 426
f 152 426 422
f 156 153 423
f 156 423 426
f 423 422 656
f 423 656 657
f 422 426 660
f 422 660 656
f 426 423 657
f 426 657 660
f 657 656 890
f 657 890 891
f 656 660 894
f 656 894 890
f 660 657 891
f 660 891 894
f 153 156 158
f 153 156 426
f 153 426 423
f 156 158 428
f 156 428 426
f 158 153 423
f 158 423 428
f 423 426 660
f 423 660 657
f 426 428 662
f 426 662 660
f 428 423 657
f 428 657 662
f 657 660 894
f 657 894 891
f 660 662 896
f 660 896 894
f 662 657 891
f 662 891 896
f 152 157 156
f 152 157 427
f 152 427 422
f 157 156 426
f 157 426 427
f 156 152 422
f 156 422 426
f 422 427 661
f 422 661 656
f 427 426 660
f 427 660 661
f 426 422 656
f 426 656 660
f 656 661 895
f 656 895 890
f 661 660 894
f 661 894 895
f 660 656 890
f 660 890 894
f 113 149 144
f 113 149 419
f 113 419 387
f 149 144 414
f 149 414 419
f 144 113 387
f 144 387 414
f 387 419 653
f 387 653 621
f 419 414 648
f 419 648 653
f 414 387 621
f 414 621 648
f 621 653 887
f 621 887 855
f 653 648 882
f 653 882 887
f 648 621 855
f 648 855 882
f 149 113 94
f 149 113 387
f 149 387 419
f 113 94 368
f 113 368 387
f 94 149 419
f 94 419 368
f 419 387 621
f 419 621 653
f 387 368 602
f 387 602 621
f 368 419 653
f 368 653 602
f 653 621 855
f 653 855 887
f 621 602 836
f 621 836 855
f 602 653 887
f 602 887 836
f 149 94 143
f 149 94 368
f 149 368 419
f 94 143 413
f 94 413 368
f 143 149 419
f 143 419 413
f 419 368 602
f 419 602 653
f 368 413 647
f 368 647 602
f 413 419 653
f 413 653 647
f 653 602 836
f 653 836 887
f 602 647 881
f 602 881 836
f 647 653 887
f 647 887 881
f 143 94 95
f 143 94 368
f 143 368 413
f 94 95 369
f 94 369 368
f 95 143 413
f 95 413 369
f 413 368 602
f 413 602 647
f 368 369 603
f 368 603 602
f 369 413 647
f 369 647 603
f 647 602 836
f 647 836 881
f 602 603 837
f 602 837 836
f 603 647 881
f 603 881 837
f 143 95 147
f 143 95 369
f 143 369 413
f 95 147 417
f 95 417 369
f 147 143 413
f 147 413 417
f 413 369 603
f 413 603 647
f 369 417 651
f 369 651 603
f 417 413 647
f 417 647 651
f 647 603 837
f 647 837 881
f 603 651 885
f 603 885 837
f 651 647 881
f 651 881 885
f 130 90 112
f 130 90 365
f 130 365 400
f 90 112 386
f 90 386 365
f 112 130 400
f 112 400 386
f 400 365 599
f 400 599 634
f 365 386 620
f 365 620 599
f 386 400 634
f 386 634 620
f 634 599 833
f 634 833 868
f 599 620 854
f 599 854 833
f 620 634 868
f 620 868 854
f 130 112 88
f 130 112 386
f 130 386 400
f 112 88 363
f 112 363 386
f 88 130 400
f 88 400 363
f 400 386 620
f 400 620 634
f 386 363 597
f 386 597 620
f 363 400 634
f 363 634 597
f 634 620 854
f 634 854 868
f 620 597 831
f 620 831 854
f 597 634 868
f 597 868 831
f 85 92 90
f 85 92 367
f 85 367 360
f 92 90 365
f 92 365 367
f 90 85 360
f 90 360 365
f 360 367 601
f 360 601 594
f 367 365 599
f 367 599 601
f 365 360 594
f 365 594 599
f 594 601 835
f 594 835 828
f 601 599 833
f 601 833 835
f 599 594 828
f 599 828 833
f 85 90 130
f 85 90 365
f 85 365 360
f 90 130 400
f 90 400 365
f 130 85 360
f 130 360 400
f 360 365 599
f 360 599 594
f 365 400 634
f 365 634 599
f 400 360 594
f 400 594 634
f 594 599 833
f 594 833 828
f 599 634 868
f 599 868 833
f 634 594 828
f 634 828 868
f 86 91 92
f 86 91 366
f 86 366 361
f 91 92 367
f 91 367 366
f 92 86 361
f 92 361 367
f 361 366 600
f 361 600 595
f 366 367 601
f 366 601 600
f 367 361 595
f 367 595 601
f 595 600 834
f 595 834 829
f 600 601 835
f 600 835 834
f 601 595 829
f 601 829 835
f 86 92 85
f 86 92 367
f 86 367 361
f 92 85 360
f 92 360 367
f 85 86 361
f 85 361 360
f 361 367 601
f 361 601 595
f 367 360 594
f 367 594 601
f 360 361 595
f 360 595 594
f 595 601 835
f 595 835 829
f 601 594 828
f 601 828 835
f 594 595 829
f 594 829 828
f 132 127 91
f 132 127 398
f 132 398 402
f 127 91 366
f 127 366 398
f 91 132 402
f 91 402 366
f 402 398 632
f 402 632 636
f 398 366 600
f 398 600 632
f 366 402 636
f 366 636 600
f 636 632 866
f 636 866 870
f 632 600 834
f 632 834 866
f 600 636 870
f 600 870 834
f 132 91 86
f 132 91 366
f 132 366 402
f 91 86 361
f 91 361 366
f 86 132 402
f 86 402 361
f 402 366 600
f 402 600 636
f 366 361 595
f 366 595 600
f 361 402 636
f 361 636 595
f 636 600 834
f 636 834 870
f 600 595 829
f 600 829 834
f 595 636 870
f 595 870 829
f 131 120 127
f 131 120 393
f 131 393 401
f 120 127 398
f 120 398 393
f 127 131 401
f 127 401 398
f 401 393 627
f 401 627 635
f 393 398 632
f 393 632 627
f 398 401 635
f 398 635 632
f 635 627 861
f 635 861 869
f 627 632 866
f 627 866 861
f 632 635 869
f 632 869 866
f 131 127 132
f 131 127 398
f 131 398 401
f 127 132 402
f 127 402 398
f 132 131 401
f 132 401 402
f 401 398 632
f 401 632 635
f 398 402 636
f 398 636 632
f 402 401 635
f 402 635 636
f 635 632 866
f 635 866 869
f 632 636 870
f 632 870 866
f 636 635 869
f 636 869 870
f 54 8 120
f 54 8 290
f 54 290 329
f 8 120 393
f 8 393 290
f 120 54 329
f 120 329 393
f 329 290 524
f 329 524 563
f 290 393 627
f 290 627 524
f 393 329 563
f 393 563 627
f 563 524 758
f 563 758 797
f 524 627 861
f 524 861 758
f 627 563 797
f 627 797 861
f 54 120 131
f 54 120 393
f 54 393 329
f 120 131 401
f 120 401 393
f 131 54 329
f 131 329 401
f 329 393 627
f 329 627 563
f 393 401 635
f 393 635 627
f 401 329 563
f 401 563 635
f 563 627 861
f 563 861 797
f 627 635 869
f 627 869 861
f 635 563 797
f 635 797 869
f 147 95 96
f 147 95 369
f 147 369 417
f 95 96 370
f 95 370 369
f 96 147 417
f 96 417 370
f 417 369 603
f 417 603 651
f 369 370 604
f 369 604 603
f 370 417 651
f 370 651 604
f 651 603 837
f 651 837 885
f 603 604 838
f 603 838 837
f 604 651 885
f 604 885 838
f 147 96 146
f 147 96 370
f 147 370 417
f 96 146 416
f 96 416 370
f 146 147 417
f 146 417 416
f 417 370 604
f 417 604 651
f 370 416 650
f 370 650 604
f 416 417 651
f 416 651 650
f 651 604 838
f 651 838 885
f 604 650 884
f 604 884 838
f 650 651 885
f 650 885 884
f 146 96 97
f 146 96 370
f 146 370 416
f 96 97 371
f 96 371 370
f 97 146 416
f 97 416 371
f 416 370 604
f 416 604 650
f 370 371 605
f 370 605 604
f 371 416 650
f 371 650 605
f 650 604 838
f 650 838 884
f 604 605 839
f 604 839 838
f 605 650 884
f 605 884 839
f 146 97 145
f 146 97 371
f 146 371 416
f 97 145 415
f 97 415 371
f 145 146 416
f 145 416 415
f 416 371 605
f 416 605 650
f 371 415 649
f 371 649 605
f 415 416 650
f 415 650 649
f 650 605 839
f 650 839 884
f 605 649 883
f 605 883 839
f 649 650 884
f 649 884 883
f 145 97 98
f 145 97 371
f 145 371 415
f 97 98 372
f 97 372 371
f 98 145 415
f 98 415 372
f 415 371 605
f 415 605 649
f 371 372 606
f 371 606 605
f 372 415 649
f 372 649 606
f 649 605 839
f 649 839 883
f 605 606 840
f 605 840 839
f 606 649 883
f 606 883 840
f 145 98 148
f 145 98 372
f 145 372 415
f 98 148 418
f 98 418 372
f 148 145 415
f 148 415 418
f 415 372 606
f 415 606 649
f 372 418 652
f 372 652 606
f 418 415 649
f 418 649 652
f 649 606 840
f 649 840 883
f 606 652 886
f 606 886 840
f 652 649 883
f 652 883 886
f 125 151 148
f 125 151 421
f 125 421 396
f 151 148 418
f 151 418 421
f 148 125 396
f 148 396 418
f 396 421 655
f 396 655 630
f 421 418 652
f 421 652 655
f 418 396 630
f 418 630 652
f 630 655 889
f 630 889 864
f 655 652 886
f 655 886 889
f 652 630 864
f 652 864 886
f 125 148 98
f 125 148 418
f 125 418 396
f 148 98 372
f 148 372 418
f 98 125 396
f 98 396 372
f 396 418 652
f 396 652 630
f 418 372 606
f 418 606 652
f 372 396 630
f 372 630 606
f 630 652 886
f 630 886 864
f 652 606 840
f 652 840 886
f 606 630 864
f 606 864 840
f 151 125 121
f 151 125 396
f 151 396 421
f 125 121 394
f 125 394 396
f 121 151 421
f 121 421 394
f 421 396 630
f 421 630 655
f 396 394 628
f 396 628 630
f 394 421 655
f 394 655 628
f 655 630 864
f 655 864 889
f 630 628 862
f 630 862 864
f 628 655 889
f 628 889 862
f 151 121 150
f 151 121 394
f 151 394 421
f 121 150 420
f 121 420 394
f 150 151 421
f 150 421 420
f 421 394 628
f 421 628 655
f 394 420 654
f 394 654 628
f 420 421 655
f 420 655 654
f 655 628 862
f 655 862 889
f 628 654 888
f 628 888 862
f 654 655 889
f 654 889 888
f 150 121 18
f 150 121 394
f 150 394 420
f 121 18 298
f 121 298 394
f 18 150 420
f 18 420 298
f 420 394 628
f 420 628 654
f 394 298 532
f 394 532 628
f 298 420 654
f 298 654 532
f 654 628 862
f 654 862 888
f 628 532 766
f 628 766 862
f 532 654 888
f 532 888 766
f 150 18 73
f 150 18 298
f 150 298 420
f 18 73 348
f 18 348 298
f 73 150 420
f 73 420 348
f 420 298 532
f 420 532 654
f 298 348 582
f 298 582 532
f 348 420 654
f 348 654 582
f 654 532 766
f 654 766 888
f 532 582 816
f 532 816 766
f 582 654 888
f 582 888 816
f 163 164 160
f 163 164 433
f 163 433 432
f 164 160 429
f 164 429 433
f 160 163 432
f 160 432 429
f 432 433 667
f 432 667 666
f 433 429 663
f 433 663 667
f 429 432 666
f 429 666 663
f 666 667 901
f 666 901 900
f 667 663 897
f 667 897 901
f 663 666 900
f 663 900 897
f 163 160 159
f 164 165 161
f 164 165 434
f 164 434 433
f 165 161 430
f 165 430 434
f 161 164 433
f 161 433 430
f 433 434 668
f 433 668 667
f 434 430 664
f 434 664 668
f 430 433 667
f 430 667 664
f 667 668 902
f 667 902 901
f 668 664 898
f 668 898 902
f 664 667 901
f 664 901 898
f 164 161 160
f 164 161 430
f 164 430 433
f 161 160 429
f 161 429 430
f 160 164 433
f 160 433 429
f 433 430 664
f 433 664 667
f 430 429 663
f 430 663 664
f 429 433 667
f 429 667 663
f 667 664 898
f 667 898 901
f 664 663 897
f 664 897 898
f 663 667 901
f 663 901 897
f 165 166 162
f 165 162 161
f 165 162 431
f 165 431 434
f 162 161 430
f 162 430 431
f 161 165 434
f 161 434 430
f 434 431 665
f 434 665 668
f 431 430 664
f 431 664 665
f 430 434 668
f 430 668 664
f 668 665 899
f 668 899 902
f 665 664 898
f 665 898 899
f 664 668 902
f 664 902 898
f 166 163 159
f 166 159 162
f 159 160 161
f 159 161 162
f 166 165 164
f 166 164 163
f 172 171 173
f 172 173 174
f 177 178 179
f 181 180 182
f 181 182 183
f 186 187 188
f 186 187 439
f 186 439 438
f 187 188 440
f 187 440 439
f 188 186 438
f 188 438 440
f 438 439 673
f 438 673 672
f 439 440 674
f 439 674 673
f 440 438 672
f 440 672 674
f 672 673 907
f 672 907 906
f 673 674 908
f 673 908 907
f 674 672 906
f 674 906 908
f 190 189 191
f 190 191 192
f 191 189 193
f 191 189 441
f 191 441 442
f 189 193 444
f 189 444 441
f 193 191 442
f 193 442 444
f 442 441 675
f 442 675 676
f 441 444 678
f 441 678 675
f 444 442 676
f 444 676 678
f 676 675 909
f 676 909 910
f 675 678 912
f 675 912 909
f 678 676 910
f 678 910 912
f 191 193 194
f 191 193 444
f 191 444 442
f 193 194 445
f 193 445 444
f 194 191 442
f 194 442 445
f 442 444 678
f 442 678 676
f 444 445 679
f 444 679 678
f 445 442 676
f 445 676 679
f 676 678 912
f 676 912 910
f 678 679 913
f 678 913 912
f 679 676 910
f 679 910 913
f 194 193 195
f 194 193 444
f 194 444 445
f 193 195 446
f 193 446 444
f 195 194 445
f 195 445 446
f 445 444 678
f 445 678 679
f 444 446 680
f 444 680 678
f 446 445 679
f 446 679 680
f 679 678 912
f 679 912 913
f 678 680 914
f 678 914 912
f 680 679 913
f 680 913 914
f 194 195 196
f 194 195 446
f 194 446 445
f 195 196 447
f 195 447 446
f 196 194 445
f 196 445 447
f 445 446 680
f 445 680 679
f 446 447 681
f 446 681 680
f 447 445 679
f 447 679 681
f 679 680 914
f 679 914 913
f 680 681 915
f 680 915 914
f 681 679 913
f 681 913 915
f 196 195 197
f 196 195 446
f 196 446 447
f 195 197 448
f 195 448 446
f 197 196 447
f 197 447 448
f 447 446 680
f 447 680 681
f 446 448 682
f 446 682 680
f 448 447 681
f 448 681 682
f 681 680 914
f 681 914 915
f 680 682 916
f 680 916 914
f 682 681 915
f 682 915 916
f 196 197 198
f 196 197 448
f 196 448 447
f 197 198 449
f 197 449 448
f 198 196 447
f 198 447 449
f 447 448 682
f 447 682 681
f 448 449 683
f 448 683 682
f 449 447 681
f 449 681 683
f 681 682 916
f 681 916 915
f 682 683 917
f 682 917 916
f 683 681 915
f 683 915 917
f 198 197 199
f 198 197 448
f 198 448 449
f 197 199 450
f 197 450 448
f 199 198 449
f 199 449 450
f 449 448 682
f 449 682 683
f 448 450 684
f 448 684 682
f 450 449 683
f 450 683 684
f 683 682 916
f 683 916 917
f 682 684 918
f 682 918 916
f 684 683 917
f 684 917 918
f 198 199 200
f 198 199 450
f 198 450 449
f 199 200 451
f 199 451 450
f 200 198 449
f 200 449 451
f 449 450 684
f 449 684 683
f 450 451 685
f 450 685 684
f 451 449 683
f 451 683 685
f 683 684 918
f 683 918 917
f 684 685 919
f 684 919 918
f 685 683 917
f 685 917 919
f 202 201 203
f 202 201 452
f 202 452 453
f 201 203 454
f 201 454 452
f 203 202 453
f 203 453 454
f 453 452 686
f 453 686 687
f 452 454 688
f 452 688 686
f 454 453 687
f 454 687 688
f 687 686 920
f 687 920 921
f 686 688 922
f 686 922 920
f 688 687 921
f 688 921 922
f 202 203 204
f 202 203 454
f 202 454 453
f 203 204 455
f 203 455 454
f 204 202 453
f 204 453 455
f 453 454 688
f 453 688 687
f 454 455 689
f 454 689 688
f 455 453 687
f 455 687 689
f 687 688 922
f 687 922 921
f 688 689 923
f 688 923 922
f 689 687 921
f 689 921 923
f 203 201 205
f 203 201 452
f 203 452 454
f 201 205 456
f 201 456 452
f 205 203 454
f 205 454 456
f 454 452 686
f 454 686 688
f 452 456 690
f 452 690 686
f 456 454 688
f 456 688 690
f 688 686 920
f 688 920 922
f 686 690 924
f 686 924 920
f 690 688 922
f 690 922 924
f 203 205 206
f 203 205 456
f 203 456 454
f 205 206 457
f 205 457 456
f 206 203 454
f 206 454 457
f 454 456 690
f 454 690 688
f 456 457 691
f 456 691 690
f 457 454 688
f 457 688 691
f 688 690 924
f 688 924 922
f 690 691 925
f 690 925 924
f 691 688 922
f 691 922 925
f 206 205 207
f 206 205 456
f 206 456 457
f 205 207 458
f 205 458 456
f 207 206 457
f 207 457 458
f 457 456 690
f 457 690 691
f 456 458 692
f 456 692 690
f 458 457 691
f 458 691 692
f 691 690 924
f 691 924 925
f 690 692 926
f 690 926 924
f 692 691 925
f 692 925 926
f 206 207 208
f 206 207 458
f 206 458 457
f 207 208 459
f 207 459 458
f 208 206 457
f 208 457 459
f 457 458 692
f 457 692 691
f 458 459 693
f 458 693 692
f 459 457 691
f 459 691 693
f 691 692 926
f 691 926 925
f 692 693 927
f 692 927 926
f 693 691 925
f 693 925 927
f 208 207 209
f 208 207 458
f 208 458 459
f 207 209 460
f 207 460 458
f 209 208 459
f 209 459 460
f 459 458 692
f 459 692 693
f 458 460 694
f 458 694 692
f 460 459 693
f 460 693 694
f 693 692 926
f 693 926 927
f 692 694 928
f 692 928 926
f 694 693 927
f 694 927 928
f 208 209 210
f 208 209 460
f 208 460 459
f 209 210 461
f 209 461 460
f 210 208 459
f 210 459 461
f 459 460 694
f 459 694 693
f 460 461 695
f 460 695 694
f 461 459 693
f 461 693 695
f 693 694 928
f 693 928 927
f 694 695 929
f 694 929 928
f 695 693 927
f 695 927 929
f 210 209 211
f 210 209 460
f 210 460 461
f 209 211 462
f 209 462 460
f 211 210 461
f 211 461 462
f 461 460 694
f 461 694 695
f 460 462 696
f 460 696 694
f 462 461 695
f 462 695 696
f 695 694 928
f 695 928 929
f 694 696 930
f 694 930 928
f 696 695 929
f 696 929 930
f 210 211 212
f 210 211 462
f 210 462 461
f 211 212 463
f 211 463 462
f 212 210 461
f 212 461 463
f 461 462 696
f 461 696 695
f 462 463 697
f 462 697 696
f 463 461 695
f 463 695 697
f 695 696 930
f 695 930 929
f 696 697 931
f 696 931 930
f 697 695 929
f 697 929 931
f 214 213 215
f 214 213 464
f 214 464 465
f 213 215 466
f 213 466 464
f 215 214 465
f 215 465 466
f 465 464 698
f 465 698 699
f 464 466 700
f 464 700 698
f 466 465 699
f 466 699 700
f 699 698 932
f 699 932 933
f 698 700 934
f 698 934 932
f 700 699 933
f 700 933 934
f 214 215 216
f 214 215 466
f 214 466 465
f 215 216 467
f 215 467 466
f 216 214 465
f 216 465 467
f 465 466 700
f 465 700 699
f 466 467 701
f 466 701 700
f 467 465 699
f 467 699 701
f 699 700 934
f 699 934 933
f 700 701 935
f 700 935 934
f 701 699 933
f 701 933 935
f 215 213 217
f 215 213 464
f 215 464 466
f 213 217 468
f 213 468 464
f 217 215 466
f 217 466 468
f 466 464 698
f 466 698 700
f 464 468 702
f 464 702 698
f 468 466 700
f 468 700 702
f 700 698 932
f 700 932 934
f 698 702 936
f 698 936 932
f 702 700 934
f 702 934 936
f 215 217 218
f 215 217 468
f 215 468 466
f 217 218 469
f 217 469 468
f 218 215 466
f 218 466 469
f 466 468 702
f 466 702 700
f 468 469 703
f 468 703 702
f 469 466 700
f 469 700 703
f 700 702 936
f 700 936 934
f 702 703 937
f 702 937 936
f 703 700 934
f 703 934 937
f 218 217 219
f 218 217 468
f 218 468 469
f 217 219 470
f 217 470 468
f 219 218 469
f 219 469 470
f 469 468 702
f 469 702 703
f 468 470 704
f 468 704 702
f 470 469 703
f 470 703 704
f 703 702 936
f 703 936 937
f 702 704 938
f 702 938 936
f 704 703 937
f 704 937 938
f 218 219 220
f 218 219 470
f 218 470 469
f 219 220 471
f 219 471 470
f 220 218 469
f 220 469 471
f 469 470 704
f 469 704 703
f 470 471 705
f 470 705 704
f 471 469 703
f 471 703 705
f 703 704 938
f 703 938 937
f 704 705 939
f 704 939 938
f 705 703 937
f 705 937 939
f 220 219 221
f 220 219 470
f 220 470 471
f 219 221 472
f 219 472 470
f 221 220 471
f 221 471 472
f 471 470 704
f 471 704 705
f 470 472 706
f 470 706 704
f 472 471 705
f 472 705 706
f 705 704 938
f 705 938 939
f 704 706 940
f 704 940 938
f 706 705 939
f 706 939 940
f 220 221 222
f 220 221 472
f 220 472 471
f 221 222 473
f 221 473 472
f 222 220 471
f 222 471 473
f 471 472 706
f 471 706 705
f 472 473 707
f 472 707 706
f 473 471 705
f 473 705 707
f 705 706 940
f 705 940 939
f 706 707 941
f 706 941 940
f 707 705 939
f 707 939 941
f 222 221 223
f 222 221 472
f 222 472 473
f 221 223 474
f 221 474 472
f 223 222 473
f 223 473 474
f 473 472 706
f 473 706 707
f 472 474 708
f 472 708 706
f 474 473 707
f 474 707 708
f 707 706 940
f 707 940 941
f 706 708 942
f 706 942 940
f 708 707 941
f 708 941 942
f 222 223 224
f 222 223 474
f 222 474 473
f 223 224 475
f 223 475 474
f 224 222 473
f 224 473 475
f 473 474 708
f 473 708 707
f 474 475 709
f 474 709 708
f 475 473 707
f 475 707 709
f 707 708 942
f 707 942 941
f 708 709 943
f 708 943 942
f 709 707 941
f 709 941 943
f 230 232 231
f 230 231 229
f 235 237 236
f 239 241 240
f 239 240 238
f 244 246 245
f 244 246 481
f 244 481 479
f 246 245 480
f 246 480 481
f 245 244 479
f 245 479 480
f 479 481 715
f 479 715 713
f 481 480 714
f 481 714 715
f 480 479 713
f 480 713 714
f 713 715 949
f 713 949 947
f 715 714 948
f 715 948 949
f 714 713 947
f 714 947 948
f 248 250 249
f 248 249 247
f 249 252 251
f 249 252 486
f 249 486 483
f 252 251 485
f 252 485 486
f 251 249 483
f 251 483 485
f 483 486 720
f 483 720 717
f 486 485 719
f 486 719 720
f 485 483 717
f 485 717 719
f 717 720 954
f 717 954 951
f 720 719 953
f 720 953 954
f 719 717 951
f 719 951 953
f 249 251 247
f 249 251 485
f 249 485 483
f 251 247 482
f 251 482 485
f 247 249 483
f 247 483 482
f 483 485 719
f 483 719 717
f 485 482 716
f 485 716 719
f 482 483 717
f 482 717 716
f 717 719 953
f 717 953 951
f 719 716 950
f 719 950 953
f 716 717 951
f 716 951 950
f 252 254 253
f 252 254 488
f 252 488 486
f 254 253 487
f 254 487 488
f 253 252 486
f 253 486 487
f 486 488 722
f 486 722 720
f 488 487 721
f 488 721 722
f 487 486 720
f 487 720 721
f 720 722 956
f 720 956 954
f 722 721 955
f 722 955 956
f 721 720 954
f 721 954 955
f 252 253 251
f 252 253 487
f 252 487 486
f 253 251 485
f 253 485 487
f 251 252 486
f 251 486 485
f 486 487 721
f 486 721 720
f 487 485 719
f 487 719 721
f 485 486 720
f 485 720 719
f 720 721 955
f 720 955 954
f 721 719 953
f 721 953 955
f 719 720 954
f 719 954 953
f 254 256 255
f 254 256 490
f 254 490 488
f 256 255 489
f 256 489 490
f 255 254 488
f 255 488 489
f 488 490 724
f 488 724 722
f 490 489 723
f 490 723 724
f 489 488 722
f 489 722 723
f 722 724 958
f 722 958 956
f 724 723 957
f 724 957 958
f 723 722 956
f 723 956 957
f 254 255 253
f 254 255 489
f 254 489 488
f 255 253 487
f 255 487 489
f 253 254 488
f 253 488 487
f 488 489 723
f 488 723 722
f 489 487 721
f 489 721 723
f 487 488 722
f 487 722 721
f 722 723 957
f 722 957 956
f 723 721 955
f 723 955 957
f 721 722 956
f 721 956 955
f 256 258 257
f 256 258 492
f 256 492 490
f 258 257 491
f 258 491 492
f 257 256 490
f 257 490 491
f 490 492 726
f 490 726 724
f 492 491 725
f 492 725 726
f 491 490 724
f 491 724 725
f 724 726 960
f 724 960 958
f 726 725 959
f 726 959 960
f 725 724 958
f 725 958 959
f 256 257 255
f 256 257 491
f 256 491 490
f 257 255 489
f 257 489 491
f 255 256 490
f 255 490 489
f 490 491 725
f 490 725 724
f 491 489 723
f 491 723 725
f 489 490 724
f 489 724 723
f 724 725 959
f 724 959 958
f 725 723 957
f 725 957 959
f 723 724 958
f 723 958 957
f 260 262 261
f 260 262 496
f 260 496 494
f 262 261 495
f 262 495 496
f 261 260 494
f 261 494 495
f 494 496 730
f 494 730 728
f 496 495 729
f 496 729 730
f 495 494 728
f 495 728 729
f 728 730 964
f 728 964 962
f 730 729 963
f 730 963 964
f 729 728 962
f 729 962 963
f 260 261 259
f 260 261 495
f 260 495 494
f 261 259 493
f 261 493 495
f 259 260 494
f 259 494 493
f 494 495 729
f 494 729 728
f 495 493 727
f 495 727 729
f 493 494 728
f 493 728 727
f 728 729 963
f 728 963 962
f 729 727 961
f 729 961 963
f 727 728 962
f 727 962 961
f 261 264 263
f 261 264 498
f 261 498 495
f 264 263 497
f 264 497 498
f 263 261 495
f 263 495 497
f 495 498 732
f 495 732 729
f 498 497 731
f 498 731 732
f 497 495 729
f 497 729 731
f 729 732 966
f 729 966 963
f 732 731 965
f 732 965 966
f 731 729 963
f 731 963 965
f 261 263 259
f 261 263 497
f 261 497 495
f 263 259 493
f 263 493 497
f 259 261 495
f 259 495 493
f 495 497 731
f 495 731 729
f 497 493 727
f 497 727 731
f 493 495 729
f 493 729 727
f 729 731 965
f 729 965 963
f 731 727 961
f 731 961 965
f 727 729 963
f 727 963 961
f 264 266 265
f 264 266 500
f 264 500 498
f 266 265 499
f 266 499 500
f 265 264 498
f 265 498 499
f 498 500 734
f 498 734 732
f 500 499 733
f 500 733 734
f 499 498 732
f 499 732 733
f 732 734 968
f 732 968 966
f 734 733 967
f 734 967 968
f 733 732 966
f 733 966 967
f 264 265 263
f 264 265 499
f 264 499 498
f 265 263 497
f 265 497 499
f 263 264 498
f 263 498 497
f 498 499 733
f 498 733 732
f 499 497 731
f 499 731 733
f 497 498 732
f 497 732 731
f 732 733 967
f 732 967 966
f 733 731 965
f 733 965 967
f 731 732 966
f 731 966 965
f 266 268 267
f 266 268 502
f 266 502 500
f 268 267 501
f 268 501 502
f 267 266 500
f 267 500 501
f 500 502 736
f 500 736 734
f 502 501 735
f 502 735 736
f 501 500 734
f 501 734 735
f 734 736 970
f 734 970 968
f 736 735 969
f 736 969 970
f 735 734 968
f 735 968 969
f 266 267 265
f 266 267 501
f 266 501 500
f 267 265 499
f 267 499 501
f 265 266 500
f 265 500 499
f 500 501 735
f 500 735 734
f 501 499 733
f 501 733 735
f 499 500 734
f 499 734 733
f 734 735 969
f 734 969 968
f 735 733 967
f 735 967 969
f 733 734 968
f 733 968 967
f 268 270 269
f 268 270 504
f 268 504 502
f 270 269 503
f 270 503 504
f 269 268 502
f 269 502 503
f 502 504 738
f 502 738 736
f 504 503 737
f 504 737 738
f 503 502 736
f 503 736 737
f 736 738 972
f 736 972 970
f 738 737 971
f 738 971 972
f 737 736 970
f 737 970 971
f 268 269 267
f 268 269 503
f 268 503 502
f 269 267 501
f 269 501 503
f 267 268 502
f 267 502 501
f 502 503 737
f 502 737 736
f 503 501 735
f 503 735 737
f 501 502 736
f 501 736 735
f 736 737 971
f 736 971 970
f 737 735 969
f 737 969 971
f 735 736 970
f 735 970 969
f 272 274 273
f 272 274 508
f 272 508 506
f 274 273 507
f 274 507 508
f 273 272 506
f 273 506 507
f 506 508 742
f 506 742 740
f 508 507 741
f 508 741 742
f 507 506 740
f 507 740 741
f 740 742 976
f 740 976 974
f 742 741 975
f 742 975 976
f 741 740 974
f 741 974 975
f 272 273 271
f 272 273 507
f 272 507 506
f 273 271 505
f 273 505 507
f 271 272 506
f 271 506 505
f 506 507 741
f 506 741 740
f 507 505 739
f 507 739 741
f 505 506 740
f 505 740 739
f 740 741 975
f 740 975 974
f 741 739 973
f 741 973 975
f 739 740 974
f 739 974 973
f 273 276 275
f 273 276 510
f 273 510 507
f 276 275 509
f 276 509 510
f 275 273 507
f 275 507 509
f 507 510 744
f 507 744 741
f 510 509 743
f 510 743 744
f 509 507 741
f 509 741 743
f 741 744 978
f 741 978 975
f 744 743 977
f 744 977 978
f 743 741 975
f 743 975 977
f 273 275 271
f 273 275 509
f 273 509 507
f 275 271 505
f 275 505 509
f 271 273 507
f 271 507 505
f 507 509 743
f 507 743 741
f 509 505 739
f 509 739 743
f 505 507 741
f 505 741 739
f 741 743 977
f 741 977 975
f 743 739 973
f 743 973 977
f 739 741 975
f 739 975 973
f 276 278 277
f 276 278 512
f 276 512 510
f 278 277 511
f 278 511 512
f 277 276 510
f 277 510 511
f 510 512 746
f 510 746 744
f 512 511 745
f 512 745 746
f 511 510 744
f 511 744 745
f 744 746 980
f 744 980 978
f 746 745 979
f 746 979 980
f 745 744 978
f 745 978 979
f 276 277 275
f 276 277 511
f 276 511 510
f 277 275 509
f 277 509 511
f 275 276 510
f 275 510 509
f 510 511 745
f 510 745 744
f 511 509 743
f 511 743 745
f 509 510 744
f 509 744 743
f 744 745 979
f 744 979 978
f 745 743 977
f 745 977 979
f 743 744 978
f 743 978 977
f 278 280 279
f 278 280 514
f 278 514 512
f 280 279 513
f 280 513 514
f 279 278 512
f 279 512 513
f 512 514 748
f 512 748 746
f 514 513 747
f 514 747 748
f 513 512 746
f 513 746 747
f 746 748 982
f 746 982 980
f 748 747 981
f 748 981 982
f 747 746 980
f 747 980 981
f 278 279 277
f 278 279 513
f 278 513 512
f 279 277 511
f 279 511 513
f 277 278 512
f 277 512 511
f 512 513 747
f 512 747 746
f 513 511 745
f 513 745 747
f 511 512 746
f 511 746 745
f 746 747 981
f 746 981 980
f 747 745 979
f 747 979 981
f 745 746 980
f 745 980 979
f 280 282 281
f 280 282 516
f 280 516 514
f 282 281 515
f 282 515 516
f 281 280 514
f 281 514 515
f 514 516 750
f 514 750 748
f 516 515 749
f 516 749 750
f 515 514 748
f 515 748 749
f 748 750 984
f 748 984 982
f 750 749 983
f 750 983 984
f 749 748 982
f 749 982 983
f 280 281 279
f 280 281 515
f 280 515 514
f 281 279 513
f 281 513 515
f 279 280 514
f 279 514 513
f 514 515 749
f 514 749 748
f 515 513 747
f 515 747 749
f 513 514 748
f 513 748 747
f 748 749 983
f 748 983 982
f 749 747 981
f 749 981 983
f 747 748 982
f 747 982 981
